dataset,method,metric,best_k,best_primary_f1_mean,best_primary_f1_ci95,best_retained_mean,best_retained_ci95,best_compression_ratio_mean,best_compression_ratio_ci95,smallest_k_within_1pct,primary_f1_within_1pct,smallest_k_within_3pct,primary_f1_within_3pct,smallest_k_within_5pct,primary_f1_within_5pct
breast_cancer,global_topk,balanced_precision_proxy,388,0.3870967741935484,0.0,388.0,0.0,0.8527472527472527,0.0,388,0.3870967741935484,388,0.3870967741935484,388,0.3870967741935484
breast_cancer,global_topk,chi_squared,388,0.3870967741935484,0.0,388.0,0.0,0.8527472527472527,0.0,388,0.3870967741935484,388,0.3870967741935484,388,0.3870967741935484
breast_cancer,global_topk,delta_stability,5,0.96529077333779,0.0168081485425358,5.0,0.0,0.0109890109890108,1.3079815008865127e-18,3,0.96445122784981,1,0.9445994051686524,1,0.9445994051686524
breast_cancer,global_topk,description_volume,19,0.928166250456708,0.0173756104030472,19.0,0.0,0.0417582417582417,5.2319260035460495e-18,14,0.9211282007226932,12,0.9052316848699868,9,0.8820798319455057
breast_cancer,global_topk,error_rate,5,0.96529077333779,0.0168081485425358,5.0,0.0,0.0109890109890108,1.3079815008865127e-18,3,0.96445122784981,1,0.9445994051686524,1,0.9445994051686524
breast_cancer,global_topk,fn,388,0.3870967741935484,0.0,388.0,0.0,0.8527472527472527,0.0,388,0.3870967741935484,388,0.3870967741935484,388,0.3870967741935484
breast_cancer,global_topk,fp,5,0.96529077333779,0.0168081485425358,5.0,0.0,0.0109890109890108,1.3079815008865127e-18,3,0.96445122784981,1,0.9445994051686524,1,0.9445994051686524
breast_cancer,global_topk,g_test,388,0.3870967741935484,0.0,388.0,0.0,0.8527472527472527,0.0,388,0.3870967741935484,388,0.3870967741935484,388,0.3870967741935484
breast_cancer,global_topk,gini_gain,388,0.3870967741935484,0.0,388.0,0.0,0.8527472527472527,0.0,388,0.3870967741935484,388,0.3870967741935484,388,0.3870967741935484
breast_cancer,global_topk,information_gain,388,0.3870967741935484,0.0,388.0,0.0,0.8527472527472527,0.0,388,0.3870967741935484,388,0.3870967741935484,388,0.3870967741935484
breast_cancer,global_topk,interval_tightness,5,0.96529077333779,0.0168081485425358,5.0,0.0,0.0109890109890108,1.3079815008865127e-18,3,0.96445122784981,1,0.9445994051686524,1,0.9445994051686524
breast_cancer,global_topk,lift,388,0.3870967741935484,0.0,388.0,0.0,0.8527472527472527,0.0,388,0.3870967741935484,388,0.3870967741935484,388,0.3870967741935484
breast_cancer,global_topk,log_odds_ratio,31,0.9372533718728104,0.0190763038287687,31.0,0.0,0.0681318681318681,0.0,26,0.9315085637270448,19,0.9179932632623272,14,0.900105242869271
breast_cancer,global_topk,log_odds_ratio_log_tp,31,0.936174248204204,0.0203866776567247,31.0,0.0,0.0681318681318681,0.0,26,0.9284540777097104,19,0.912805780075662,14,0.8970077221122364
breast_cancer,global_topk,matthews_correlation,388,0.3870967741935484,0.0,388.0,0.0,0.8527472527472527,0.0,388,0.3870967741935484,388,0.3870967741935484,388,0.3870967741935484
breast_cancer,global_topk,precision,5,0.96529077333779,0.0168081485425358,5.0,0.0,0.0109890109890108,1.3079815008865127e-18,3,0.96445122784981,1,0.9445994051686524,1,0.9445994051686524
breast_cancer,global_topk,precision_log_tp,58,0.9340859557402398,0.0187299821996328,58.0,0.0,0.1274725274725274,0.0,31,0.9302367431608092,19,0.9066549212418316,16,0.8928854060500007
breast_cancer,global_topk,precision_sqrt_tp,50,0.9341789097958332,0.0180817614759406,50.0,0.0,0.1098901098901098,0.0,26,0.9274641507078788,19,0.912805780075662,14,0.8950590041635185
breast_cancer,global_topk,query_binary_similarity,5,0.96529077333779,0.0168081485425358,5.0,0.0,0.0109890109890108,1.3079815008865127e-18,3,0.96445122784981,1,0.9445994051686524,1,0.9445994051686524
breast_cancer,global_topk,query_numeric_similarity,5,0.96529077333779,0.0168081485425358,5.0,0.0,0.0109890109890108,1.3079815008865127e-18,3,0.96445122784981,1,0.9445994051686524,1,0.9445994051686524
breast_cancer,global_topk,query_similarity,5,0.96529077333779,0.0168081485425358,5.0,0.0,0.0109890109890108,1.3079815008865127e-18,3,0.96445122784981,1,0.9445994051686524,1,0.9445994051686524
breast_cancer,global_topk,query_weighted_log_odds_ratio,31,0.9372533718728104,0.0190763038287687,31.0,0.0,0.0681318681318681,0.0,26,0.931649678159963,14,0.9136144213381794,12,0.89646993568964
breast_cancer,global_topk,query_weighted_log_odds_ratio_log_tp,31,0.936174248204204,0.0203866776567247,31.0,0.0,0.0681318681318681,0.0,26,0.9305899946374312,14,0.9085559476268144,14,0.9085559476268144
breast_cancer,global_topk,query_weighted_precision,5,0.96529077333779,0.0168081485425358,5.0,0.0,0.0109890109890108,1.3079815008865127e-18,3,0.96445122784981,1,0.9445994051686524,1,0.9445994051686524
breast_cancer,global_topk,query_weighted_precision_log_tp,31,0.936174248204204,0.0203866776567247,31.0,0.0,0.0681318681318681,0.0,26,0.9286071587660616,14,0.9094700249694632,12,0.8921021465589926
breast_cancer,global_topk,query_weighted_precision_sqrt_tp,31,0.936174248204204,0.0203866776567247,31.0,0.0,0.0681318681318681,0.0,23,0.9277894810941832,14,0.9150965249616216,12,0.8996305200537364
breast_cancer,global_topk,query_weighted_wracc,388,0.3870967741935484,0.0,388.0,0.0,0.8527472527472527,0.0,388,0.3870967741935484,388,0.3870967741935484,332,0.3713495859571412
breast_cancer,global_topk,robustness,50,0.9301214017763748,0.0178712742850726,50.0,0.0,0.1098901098901098,0.0,23,0.9218143383430808,19,0.9036146669653966,16,0.8871268888833816
breast_cancer,global_topk,simplicity_prior,5,0.96529077333779,0.0168081485425358,5.0,0.0,0.0109890109890108,1.3079815008865127e-18,3,0.96445122784981,1,0.9445994051686524,1,0.9445994051686524
breast_cancer,global_topk,stability,50,0.9301214017763748,0.0178712742850726,50.0,0.0,0.1098901098901098,0.0,23,0.9218143383430808,19,0.9036146669653966,16,0.8871268888833816
breast_cancer,global_topk,support,388,0.3870967741935484,0.0,388.0,0.0,0.8527472527472527,0.0,388,0.3870967741935484,388,0.3870967741935484,388,0.3870967741935484
breast_cancer,global_topk,supporter_opposer_ratio,5,0.96529077333779,0.0168081485425358,5.0,0.0,0.0109890109890108,1.3079815008865127e-18,3,0.96445122784981,1,0.9445994051686524,1,0.9445994051686524
breast_cancer,global_topk,tn,388,0.3870967741935484,0.0,388.0,0.0,0.8527472527472527,0.0,388,0.3870967741935484,388,0.3870967741935484,388,0.3870967741935484
breast_cancer,global_topk,tp,50,0.9301214017763748,0.0178712742850726,50.0,0.0,0.1098901098901098,0.0,26,0.9218348364340696,23,0.9199720958674206,16,0.8844404616456527
breast_cancer,global_topk,wracc,388,0.3870967741935484,0.0,388.0,0.0,0.8527472527472527,0.0,388,0.3870967741935484,388,0.3870967741935484,388,0.3870967741935484
breast_cancer,global_topk,youdens_j,388,0.3870967741935484,0.0,388.0,0.0,0.8527472527472527,0.0,388,0.3870967741935484,388,0.3870967741935484,388,0.3870967741935484
breast_cancer,random_topk,random,9,0.5012237322086677,0.0173110145481319,9.0,0.0,0.0197802197802197,2.615963001773025e-18,1,0.4980428185358153,1,0.4980428185358153,1,0.4980428185358153
ionosphere,global_topk,balanced_precision_proxy,5,0.437453192297368,0.0349055882744539,5.0,0.0,0.0178571428571428,0.0,5,0.437453192297368,5,0.437453192297368,5,0.437453192297368
ionosphere,global_topk,chi_squared,213,0.3931623931623931,0.0,213.0,0.0,0.7607142857142858,8.37108160567368e-17,213,0.3931623931623931,213,0.3931623931623931,213,0.3931623931623931
ionosphere,global_topk,delta_stability,5,0.8887017442150625,0.0325067954641574,5.0,0.0,0.0178571428571428,0.0,5,0.8887017442150625,5,0.8887017442150625,5,0.8887017442150625
ionosphere,global_topk,description_volume,1,0.9003024918462778,0.0201732208800705,1.0,0.0,0.0035714285714285,3.2699537522162814e-19,1,0.9003024918462778,1,0.9003024918462778,1,0.9003024918462778
ionosphere,global_topk,error_rate,1,0.9003024918462778,0.0201732208800705,1.0,0.0,0.0035714285714285,3.2699537522162814e-19,1,0.9003024918462778,1,0.9003024918462778,1,0.9003024918462778
ionosphere,global_topk,fn,213,0.3931623931623931,0.0,213.0,0.0,0.7607142857142858,8.37108160567368e-17,213,0.3931623931623931,213,0.3931623931623931,213,0.3931623931623931
ionosphere,global_topk,fp,1,0.9003024918462778,0.0201732208800705,1.0,0.0,0.0035714285714285,3.2699537522162814e-19,1,0.9003024918462778,1,0.9003024918462778,1,0.9003024918462778
ionosphere,global_topk,g_test,213,0.3931623931623931,0.0,213.0,0.0,0.7607142857142858,8.37108160567368e-17,213,0.3931623931623931,213,0.3931623931623931,213,0.3931623931623931
ionosphere,global_topk,gini_gain,213,0.3931623931623931,0.0,213.0,0.0,0.7607142857142858,8.37108160567368e-17,213,0.3931623931623931,213,0.3931623931623931,213,0.3931623931623931
ionosphere,global_topk,information_gain,213,0.3931623931623931,0.0,213.0,0.0,0.7607142857142858,8.37108160567368e-17,213,0.3931623931623931,213,0.3931623931623931,213,0.3931623931623931
ionosphere,global_topk,interval_tightness,1,0.9003024918462778,0.0201732208800705,1.0,0.0,0.0035714285714285,3.2699537522162814e-19,1,0.9003024918462778,1,0.9003024918462778,1,0.9003024918462778
ionosphere,global_topk,lift,213,0.3931623931623931,0.0,213.0,0.0,0.7607142857142858,8.37108160567368e-17,213,0.3931623931623931,213,0.3931623931623931,213,0.3931623931623931
ionosphere,global_topk,log_odds_ratio,10,0.905238657762388,0.0186088495098207,10.0,0.0,0.0357142857142857,0.0,7,0.9012354147957622,7,0.9012354147957622,7,0.9012354147957622
ionosphere,global_topk,log_odds_ratio_log_tp,10,0.905238657762388,0.0186088495098207,10.0,0.0,0.0357142857142857,0.0,7,0.9012354147957622,7,0.9012354147957622,7,0.9012354147957622
ionosphere,global_topk,matthews_correlation,213,0.3931623931623931,0.0,213.0,0.0,0.7607142857142858,8.37108160567368e-17,213,0.3931623931623931,213,0.3931623931623931,213,0.3931623931623931
ionosphere,global_topk,precision,1,0.9003024918462778,0.0201732208800705,1.0,0.0,0.0035714285714285,3.2699537522162814e-19,1,0.9003024918462778,1,0.9003024918462778,1,0.9003024918462778
ionosphere,global_topk,precision_log_tp,10,0.905238657762388,0.0186088495098207,10.0,0.0,0.0357142857142857,0.0,7,0.8982307893303483,7,0.8982307893303483,7,0.8982307893303483
ionosphere,global_topk,precision_sqrt_tp,10,0.905238657762388,0.0186088495098207,10.0,0.0,0.0357142857142857,0.0,7,0.9012354147957622,7,0.9012354147957622,7,0.9012354147957622
ionosphere,global_topk,query_binary_similarity,1,0.9003024918462778,0.0201732208800705,1.0,0.0,0.0035714285714285,3.2699537522162814e-19,1,0.9003024918462778,1,0.9003024918462778,1,0.9003024918462778
ionosphere,global_topk,query_numeric_similarity,1,0.9003024918462778,0.0201732208800705,1.0,0.0,0.0035714285714285,3.2699537522162814e-19,1,0.9003024918462778,1,0.9003024918462778,1,0.9003024918462778
ionosphere,global_topk,query_similarity,1,0.9003024918462778,0.0201732208800705,1.0,0.0,0.0035714285714285,3.2699537522162814e-19,1,0.9003024918462778,1,0.9003024918462778,1,0.9003024918462778
ionosphere,global_topk,query_weighted_log_odds_ratio,10,0.9087164887308072,0.0172953319875566,10.0,0.0,0.0357142857142857,0.0,7,0.9012354147957622,7,0.9012354147957622,7,0.9012354147957622
ionosphere,global_topk,query_weighted_log_odds_ratio_log_tp,10,0.9069699575660138,0.0171746148158757,10.0,0.0,0.0357142857142857,0.0,7,0.9012354147957622,7,0.9012354147957622,7,0.9012354147957622
ionosphere,global_topk,query_weighted_precision,1,0.9003024918462778,0.0201732208800705,1.0,0.0,0.0035714285714285,3.2699537522162814e-19,1,0.9003024918462778,1,0.9003024918462778,1,0.9003024918462778
ionosphere,global_topk,query_weighted_precision_log_tp,10,0.9087164887308072,0.0172953319875566,10.0,0.0,0.0357142857142857,0.0,7,0.9012354147957622,7,0.9012354147957622,7,0.9012354147957622
ionosphere,global_topk,query_weighted_precision_sqrt_tp,10,0.9054893023089792,0.0177254079940144,10.0,0.0,0.0357142857142857,0.0,7,0.899891390753997,7,0.899891390753997,7,0.899891390753997
ionosphere,global_topk,query_weighted_wracc,213,0.3931623931623931,0.0,213.0,0.0,0.7607142857142858,8.37108160567368e-17,213,0.3931623931623931,213,0.3931623931623931,213,0.3931623931623931
ionosphere,global_topk,robustness,10,0.902673780690988,0.0205478470232015,10.0,0.0,0.0357142857142857,0.0,7,0.9000832717593121,7,0.9000832717593121,7,0.9000832717593121
ionosphere,global_topk,simplicity_prior,1,0.9003024918462778,0.0201732208800705,1.0,0.0,0.0035714285714285,3.2699537522162814e-19,1,0.9003024918462778,1,0.9003024918462778,1,0.9003024918462778
ionosphere,global_topk,stability,10,0.902673780690988,0.0205478470232015,10.0,0.0,0.0357142857142857,0.0,7,0.9000832717593121,7,0.9000832717593121,7,0.9000832717593121
ionosphere,global_topk,support,5,0.437453192297368,0.0349055882744539,5.0,0.0,0.0178571428571428,0.0,5,0.437453192297368,5,0.437453192297368,5,0.437453192297368
ionosphere,global_topk,supporter_opposer_ratio,1,0.9003024918462778,0.0201732208800705,1.0,0.0,0.0035714285714285,3.2699537522162814e-19,1,0.9003024918462778,1,0.9003024918462778,1,0.9003024918462778
ionosphere,global_topk,tn,213,0.3931623931623931,0.0,213.0,0.0,0.7607142857142858,8.37108160567368e-17,213,0.3931623931623931,213,0.3931623931623931,213,0.3931623931623931
ionosphere,global_topk,tp,10,0.902275802425348,0.0199732704458358,10.0,0.0,0.0357142857142857,0.0,7,0.8967554888422601,7,0.8967554888422601,7,0.8967554888422601
ionosphere,global_topk,wracc,5,0.437453192297368,0.0349055882744539,5.0,0.0,0.0178571428571428,0.0,5,0.437453192297368,5,0.437453192297368,5,0.437453192297368
ionosphere,global_topk,youdens_j,5,0.437453192297368,0.0349055882744539,5.0,0.0,0.0178571428571428,0.0,5,0.437453192297368,5,0.437453192297368,5,0.437453192297368
ionosphere,random_topk,random,3,0.4996593647707565,0.0149888196093113,3.0,0.0,0.0107142857142857,0.0,3,0.4996593647707565,1,0.4876205739300095,1,0.4876205739300095
parkinsons,global_topk,balanced_precision_proxy,80,0.4264705882352941,0.0,80.0,0.0,0.5128205128205128,0.0,80,0.4264705882352941,80,0.4264705882352941,80,0.4264705882352941
parkinsons,global_topk,chi_squared,80,0.4264705882352941,0.0,80.0,0.0,0.5128205128205128,0.0,80,0.4264705882352941,80,0.4264705882352941,80,0.4264705882352941
parkinsons,global_topk,delta_stability,3,0.9366923690779484,0.030863127039328,3.0,0.0,0.0192307692307691,2.615963001773025e-18,3,0.9366923690779484,1,0.92093647539425,1,0.92093647539425
parkinsons,global_topk,description_volume,1,0.8780262566255754,0.0481205880295942,1.0,0.0,0.0064102564102564,0.0,1,0.8780262566255754,1,0.8780262566255754,1,0.8780262566255754
parkinsons,global_topk,error_rate,3,0.9366923690779484,0.030863127039328,3.0,0.0,0.0192307692307691,2.615963001773025e-18,3,0.9366923690779484,1,0.92093647539425,1,0.92093647539425
parkinsons,global_topk,fn,80,0.4264705882352941,0.0,80.0,0.0,0.5128205128205128,0.0,80,0.4264705882352941,80,0.4264705882352941,80,0.4264705882352941
parkinsons,global_topk,fp,3,0.9366923690779484,0.030863127039328,3.0,0.0,0.0192307692307691,2.615963001773025e-18,3,0.9366923690779484,1,0.92093647539425,1,0.92093647539425
parkinsons,global_topk,g_test,80,0.4264705882352941,0.0,80.0,0.0,0.5128205128205128,0.0,80,0.4264705882352941,80,0.4264705882352941,80,0.4264705882352941
parkinsons,global_topk,gini_gain,80,0.4264705882352941,0.0,80.0,0.0,0.5128205128205128,0.0,80,0.4264705882352941,80,0.4264705882352941,80,0.4264705882352941
parkinsons,global_topk,information_gain,80,0.4264705882352941,0.0,80.0,0.0,0.5128205128205128,0.0,80,0.4264705882352941,80,0.4264705882352941,80,0.4264705882352941
parkinsons,global_topk,interval_tightness,4,0.940735522812486,0.0282927918844078,4.0,0.0,0.0256410256410256,0.0,3,0.9366923690779484,1,0.92093647539425,1,0.92093647539425
parkinsons,global_topk,lift,80,0.4264705882352941,0.0,80.0,0.0,0.5128205128205128,0.0,80,0.4264705882352941,80,0.4264705882352941,80,0.4264705882352941
parkinsons,global_topk,log_odds_ratio,5,0.7184932943400686,0.0629175553116329,5.0,0.0,0.032051282051282,0.0,5,0.7184932943400686,5,0.7184932943400686,5,0.7184932943400686
parkinsons,global_topk,log_odds_ratio_log_tp,5,0.6997476647762931,0.063646216964171,5.0,0.0,0.032051282051282,0.0,5,0.6997476647762931,5,0.6997476647762931,5,0.6997476647762931
parkinsons,global_topk,matthews_correlation,80,0.4264705882352941,0.0,80.0,0.0,0.5128205128205128,0.0,80,0.4264705882352941,80,0.4264705882352941,80,0.4264705882352941
parkinsons,global_topk,precision,3,0.9366923690779484,0.030863127039328,3.0,0.0,0.0192307692307691,2.615963001773025e-18,3,0.9366923690779484,1,0.92093647539425,1,0.92093647539425
parkinsons,global_topk,precision_log_tp,5,0.6867415277681399,0.0664412802222554,5.0,0.0,0.032051282051282,0.0,5,0.6867415277681399,5,0.6867415277681399,5,0.6867415277681399
parkinsons,global_topk,precision_sqrt_tp,5,0.6997476647762931,0.063646216964171,5.0,0.0,0.032051282051282,0.0,5,0.6997476647762931,5,0.6997476647762931,5,0.6997476647762931
parkinsons,global_topk,query_binary_similarity,3,0.9366923690779484,0.030863127039328,3.0,0.0,0.0192307692307691,2.615963001773025e-18,3,0.9366923690779484,1,0.92093647539425,1,0.92093647539425
parkinsons,global_topk,query_numeric_similarity,4,0.940735522812486,0.0282927918844078,4.0,0.0,0.0256410256410256,0.0,3,0.9366923690779484,1,0.92093647539425,1,0.92093647539425
parkinsons,global_topk,query_similarity,4,0.940735522812486,0.0282927918844078,4.0,0.0,0.0256410256410256,0.0,3,0.9366923690779484,1,0.92093647539425,1,0.92093647539425
parkinsons,global_topk,query_weighted_log_odds_ratio,5,0.7468082757296468,0.0600743515977341,5.0,0.0,0.032051282051282,0.0,5,0.7468082757296468,5,0.7468082757296468,5,0.7468082757296468
parkinsons,global_topk,query_weighted_log_odds_ratio_log_tp,5,0.7106286806984384,0.0632437530037104,5.0,0.0,0.032051282051282,0.0,5,0.7106286806984384,5,0.7106286806984384,5,0.7106286806984384
parkinsons,global_topk,query_weighted_precision,4,0.940735522812486,0.0282927918844078,4.0,0.0,0.0256410256410256,0.0,3,0.9366923690779484,1,0.92093647539425,1,0.92093647539425
parkinsons,global_topk,query_weighted_precision_log_tp,5,0.7357069261690221,0.0643215973474632,5.0,0.0,0.032051282051282,0.0,5,0.7357069261690221,5,0.7357069261690221,5,0.7357069261690221
parkinsons,global_topk,query_weighted_precision_sqrt_tp,12,0.7553458907224228,0.0771671347769879,12.0,0.0,0.0769230769230769,0.0,5,0.7535047056897851,5,0.7535047056897851,5,0.7535047056897851
parkinsons,global_topk,query_weighted_wracc,80,0.4264705882352941,0.0,80.0,0.0,0.5128205128205128,0.0,80,0.4264705882352941,80,0.4264705882352941,80,0.4264705882352941
parkinsons,global_topk,robustness,7,0.7004177518576704,0.0743932826170478,7.0,0.0,0.0448717948717948,5.2319260035460495e-18,7,0.7004177518576704,5,0.6916765461962953,5,0.6916765461962953
parkinsons,global_topk,simplicity_prior,4,0.940735522812486,0.0282927918844078,4.0,0.0,0.0256410256410256,0.0,3,0.9366923690779484,1,0.92093647539425,1,0.92093647539425
parkinsons,global_topk,stability,7,0.7004177518576704,0.0743932826170478,7.0,0.0,0.0448717948717948,5.2319260035460495e-18,7,0.7004177518576704,5,0.6916765461962953,5,0.6916765461962953
parkinsons,global_topk,support,80,0.4264705882352941,0.0,80.0,0.0,0.5128205128205128,0.0,80,0.4264705882352941,80,0.4264705882352941,80,0.4264705882352941
parkinsons,global_topk,supporter_opposer_ratio,3,0.9366923690779484,0.030863127039328,3.0,0.0,0.0192307692307691,2.615963001773025e-18,3,0.9366923690779484,1,0.92093647539425,1,0.92093647539425
parkinsons,global_topk,tn,80,0.4264705882352941,0.0,80.0,0.0,0.5128205128205128,0.0,80,0.4264705882352941,80,0.4264705882352941,80,0.4264705882352941
parkinsons,global_topk,tp,7,0.6762763791175074,0.0753805184718979,7.0,0.0,0.0448717948717948,5.2319260035460495e-18,5,0.6712326970544689,5,0.6712326970544689,5,0.6712326970544689
parkinsons,global_topk,wracc,80,0.4264705882352941,0.0,80.0,0.0,0.5128205128205128,0.0,80,0.4264705882352941,80,0.4264705882352941,80,0.4264705882352941
parkinsons,global_topk,youdens_j,80,0.4264705882352941,0.0,80.0,0.0,0.5128205128205128,0.0,80,0.4264705882352941,80,0.4264705882352941,80,0.4264705882352941
parkinsons,random_topk,random,1,0.4955590370060804,0.0165059308987707,1.0,0.0,0.0064102564102564,0.0,1,0.4955590370060804,1,0.4955590370060804,1,0.4955590370060804
rice,global_topk,balanced_precision_proxy,2396,0.8850154888915946,0.0052657099336061,2396.0,0.0,0.7860892388451444,0.0,2396,0.8850154888915946,2396,0.8850154888915946,2396,0.8850154888915946
rice,global_topk,chi_squared,2396,0.6366469854301601,0.0179241720754309,2396.0,0.0,0.7860892388451444,0.0,2396,0.6366469854301601,2396,0.6366469854301601,2396,0.6366469854301601
rice,global_topk,delta_stability,19,0.928904036690952,0.005940648860452,19.0,0.0,0.0062335958005249,0.0,6,0.920292985813076,3,0.9103054323258608,1,0.8865832219364652
rice,global_topk,description_volume,31,0.9250896024626404,0.0067701370585438,31.0,0.0,0.0101706036745406,0.0,8,0.9163587629816228,3,0.8975922034474646,3,0.8975922034474646
rice,global_topk,error_rate,19,0.9288980950802844,0.0060778173258174,19.0,0.0,0.0062335958005249,0.0,6,0.920292985813076,3,0.9103054323258608,1,0.8865832219364652
rice,global_topk,fn,3048,0.3639398998330551,0.0,3048.0,0.0,1.0,0.0,3048,0.3639398998330551,3048,0.3639398998330551,3048,0.3639398998330551
rice,global_topk,fp,19,0.9288980950802844,0.0060778173258174,19.0,0.0,0.0062335958005249,0.0,6,0.920292985813076,3,0.9103054323258608,1,0.8865832219364652
rice,global_topk,g_test,2396,0.7123785314485589,0.0167787460652304,2396.0,0.0,0.7860892388451444,0.0,2396,0.7123785314485589,2396,0.7123785314485589,2396,0.7123785314485589
rice,global_topk,gini_gain,2396,0.6366469854301601,0.0179241720754309,2396.0,0.0,0.7860892388451444,0.0,2396,0.6366469854301601,2396,0.6366469854301601,2396,0.6366469854301601
rice,global_topk,information_gain,2396,0.7123785314485589,0.0167787460652304,2396.0,0.0,0.7860892388451444,0.0,2396,0.7123785314485589,2396,0.7123785314485589,2396,0.7123785314485589
rice,global_topk,interval_tightness,19,0.928904036690952,0.005940648860452,19.0,0.0,0.0062335958005249,0.0,7,0.9221654239709858,3,0.9103054323258608,1,0.8865832219364652
rice,global_topk,lift,2396,0.9262266925779676,0.0049447873026298,2396.0,0.0,0.7860892388451444,0.0,2396,0.9262266925779676,1883,0.9136882462824004,1480,0.8904901322091618
rice,global_topk,log_odds_ratio,444,0.9249731170447072,0.0053626888016912,444.0,0.0,0.1456692913385826,0.0,1,0.9211574178898044,1,0.9211574178898044,1,0.9211574178898044
rice,global_topk,log_odds_ratio_log_tp,170,0.9241989814159872,0.0057058845075988,170.0,0.0,0.055774278215223,5.2319260035460495e-18,1,0.9219131717922704,1,0.9219131717922704,1,0.9219131717922704
rice,global_topk,matthews_correlation,2396,0.9127992097737468,0.0058522971501913,2396.0,0.0,0.7860892388451444,0.0,2396,0.9127992097737468,1883,0.885523594066421,1480,0.8740830561011963
rice,global_topk,precision,19,0.9288980950802844,0.0060778173258174,19.0,0.0,0.0062335958005249,0.0,6,0.920292985813076,3,0.9103054323258608,1,0.8865832219364652
rice,global_topk,precision_log_tp,216,0.6978809598751059,0.0067894053740905,216.0,0.0,0.0708661417322833,1.04638520070921e-17,133,0.6957076837973311,31,0.6779861707315943,3,0.6666108154173144
rice,global_topk,precision_sqrt_tp,2396,0.5582059477403164,0.0122695400365113,2396.0,0.0,0.7860892388451444,0.0,2396,0.5582059477403164,2396,0.5582059477403164,2396,0.5582059477403164
rice,global_topk,query_binary_similarity,19,0.928904036690952,0.005940648860452,19.0,0.0,0.0062335958005249,0.0,6,0.920292985813076,3,0.9103054323258608,1,0.8865832219364652
rice,global_topk,query_numeric_similarity,19,0.928904036690952,0.005940648860452,19.0,0.0,0.0062335958005249,0.0,7,0.9221654239709858,3,0.9103054323258608,1,0.8865832219364652
rice,global_topk,query_similarity,19,0.928904036690952,0.005940648860452,19.0,0.0,0.0062335958005249,0.0,7,0.9221654239709858,3,0.9103054323258608,1,0.8865832219364652
rice,global_topk,query_weighted_log_odds_ratio,274,0.9252859320561578,0.0060155792063131,274.0,0.0,0.0898950131233594,1.04638520070921e-17,1,0.9213885365350324,1,0.9213885365350324,1,0.9213885365350324
rice,global_topk,query_weighted_log_odds_ratio_log_tp,349,0.9250470435332612,0.0053718716680683,349.0,0.0,0.1145013123359579,1.04638520070921e-17,1,0.9220288657974264,1,0.9220288657974264,1,0.9220288657974264
rice,global_topk,query_weighted_precision,19,0.9288980950802844,0.0060778173258174,19.0,0.0,0.0062335958005249,0.0,7,0.9220283832550706,3,0.9103054323258608,1,0.8865832219364652
rice,global_topk,query_weighted_precision_log_tp,1,0.889779270564215,0.0064719034984806,1.0,0.0,0.0003280839895013,4.0874421902703523e-20,1,0.889779270564215,1,0.889779270564215,1,0.889779270564215
rice,global_topk,query_weighted_precision_sqrt_tp,2396,0.646748231590172,0.0119905862815737,2396.0,0.0,0.7860892388451444,0.0,2396,0.646748231590172,2396,0.646748231590172,2396,0.646748231590172
rice,global_topk,query_weighted_wracc,2396,0.885306756897419,0.0054287915967002,2396.0,0.0,0.7860892388451444,0.0,2396,0.885306756897419,2396,0.885306756897419,2396,0.885306756897419
rice,global_topk,robustness,65,0.7710315745724501,0.0085991152835264,65.0,0.0,0.0213254593175853,2.615963001773025e-18,51,0.7634434915521442,51,0.7634434915521442,40,0.7436856978628417
rice,global_topk,simplicity_prior,19,0.928904036690952,0.005940648860452,19.0,0.0,0.0062335958005249,0.0,7,0.9221654239709858,3,0.9103054323258608,1,0.8865832219364652
rice,global_topk,stability,65,0.7710315745724501,0.0085991152835264,65.0,0.0,0.0213254593175853,2.615963001773025e-18,51,0.7634434915521442,51,0.7634434915521442,40,0.7436856978628417
rice,global_topk,support,3048,0.3639398998330551,0.0,3048.0,0.0,1.0,0.0,2396,0.3626080670125616,2396,0.3626080670125616,2396,0.3626080670125616
rice,global_topk,supporter_opposer_ratio,19,0.9288980950802844,0.0060778173258174,19.0,0.0,0.0062335958005249,0.0,6,0.920292985813076,3,0.9103054323258608,1,0.8865832219364652
rice,global_topk,tn,3048,0.3639398998330551,0.0,3048.0,0.0,1.0,0.0,3048,0.3639398998330551,3048,0.3639398998330551,3048,0.3639398998330551
rice,global_topk,tp,2396,0.3639398998330551,0.0,2396.0,0.0,0.7860892388451444,0.0,2396,0.3639398998330551,2396,0.3639398998330551,2396,0.3639398998330551
rice,global_topk,wracc,2396,0.8850154888915946,0.0052657099336061,2396.0,0.0,0.7860892388451444,0.0,2396,0.8850154888915946,2396,0.8850154888915946,2396,0.8850154888915946
rice,global_topk,youdens_j,2396,0.8850154888915946,0.0052657099336061,2396.0,0.0,0.7860892388451444,0.0,2396,0.8850154888915946,2396,0.8850154888915946,2396,0.8850154888915946
rice,random_topk,random,1,0.5053640341867766,0.0065320670260557,1.0,0.0,0.0003280839895013,4.0874421902703523e-20,1,0.5053640341867766,1,0.5053640341867766,1,0.5053640341867766
sonar,global_topk,balanced_precision_proxy,166,0.34375,0.0,166.0,0.0,1.0,0.0,166,0.34375,166,0.34375,166,0.34375
sonar,global_topk,chi_squared,166,0.34375,0.0,166.0,0.0,1.0,0.0,166,0.34375,166,0.34375,166,0.34375
sonar,global_topk,delta_stability,1,0.8372877001603068,0.0376672507526776,1.0,0.0,0.0060240963855421,0.0,1,0.8372877001603068,1,0.8372877001603068,1,0.8372877001603068
sonar,global_topk,description_volume,38,0.7498393926283298,0.0533084330436702,38.0,0.0,0.2289156626506024,2.09277040141842e-17,34,0.7481262622127912,1,0.7348949064572528,1,0.7348949064572528
sonar,global_topk,error_rate,1,0.8372877001603068,0.0376672507526776,1.0,0.0,0.0060240963855421,0.0,1,0.8372877001603068,1,0.8372877001603068,1,0.8372877001603068
sonar,global_topk,fn,166,0.34375,0.0,166.0,0.0,1.0,0.0,166,0.34375,166,0.34375,166,0.34375
sonar,global_topk,fp,1,0.8372877001603068,0.0376672507526776,1.0,0.0,0.0060240963855421,0.0,1,0.8372877001603068,1,0.8372877001603068,1,0.8372877001603068
sonar,global_topk,g_test,166,0.34375,0.0,166.0,0.0,1.0,0.0,166,0.34375,166,0.34375,166,0.34375
sonar,global_topk,gini_gain,166,0.34375,0.0,166.0,0.0,1.0,0.0,166,0.34375,166,0.34375,166,0.34375
sonar,global_topk,information_gain,166,0.34375,0.0,166.0,0.0,1.0,0.0,166,0.34375,166,0.34375,166,0.34375
sonar,global_topk,interval_tightness,4,0.8428376592453466,0.0436265482934553,4.0,0.0,0.0240963855421685,2.615963001773025e-18,1,0.8372877001603068,1,0.8372877001603068,1,0.8372877001603068
sonar,global_topk,lift,166,0.34375,0.0,166.0,0.0,1.0,0.0,166,0.34375,166,0.34375,166,0.34375
sonar,global_topk,log_odds_ratio,1,0.8372877001603068,0.0376672507526776,1.0,0.0,0.0060240963855421,0.0,1,0.8372877001603068,1,0.8372877001603068,1,0.8372877001603068
sonar,global_topk,log_odds_ratio_log_tp,1,0.8372877001603068,0.0376672507526776,1.0,0.0,0.0060240963855421,0.0,1,0.8372877001603068,1,0.8372877001603068,1,0.8372877001603068
sonar,global_topk,matthews_correlation,166,0.34375,0.0,166.0,0.0,1.0,0.0,166,0.34375,166,0.34375,166,0.34375
sonar,global_topk,precision,1,0.8372877001603068,0.0376672507526776,1.0,0.0,0.0060240963855421,0.0,1,0.8372877001603068,1,0.8372877001603068,1,0.8372877001603068
sonar,global_topk,precision_log_tp,1,0.8372877001603068,0.0376672507526776,1.0,0.0,0.0060240963855421,0.0,1,0.8372877001603068,1,0.8372877001603068,1,0.8372877001603068
sonar,global_topk,precision_sqrt_tp,1,0.8372877001603068,0.0376672507526776,1.0,0.0,0.0060240963855421,0.0,1,0.8372877001603068,1,0.8372877001603068,1,0.8372877001603068
sonar,global_topk,query_binary_similarity,1,0.8372877001603068,0.0376672507526776,1.0,0.0,0.0060240963855421,0.0,1,0.8372877001603068,1,0.8372877001603068,1,0.8372877001603068
sonar,global_topk,query_numeric_similarity,4,0.8428376592453466,0.0436265482934553,4.0,0.0,0.0240963855421685,2.615963001773025e-18,1,0.8372877001603068,1,0.8372877001603068,1,0.8372877001603068
sonar,global_topk,query_similarity,4,0.8428376592453466,0.0436265482934553,4.0,0.0,0.0240963855421685,2.615963001773025e-18,1,0.8372877001603068,1,0.8372877001603068,1,0.8372877001603068
sonar,global_topk,query_weighted_log_odds_ratio,4,0.8428376592453466,0.0436265482934553,4.0,0.0,0.0240963855421685,2.615963001773025e-18,1,0.8372877001603068,1,0.8372877001603068,1,0.8372877001603068
sonar,global_topk,query_weighted_log_odds_ratio_log_tp,4,0.8428376592453466,0.0436265482934553,4.0,0.0,0.0240963855421685,2.615963001773025e-18,1,0.8372877001603068,1,0.8372877001603068,1,0.8372877001603068
sonar,global_topk,query_weighted_precision,4,0.8428376592453466,0.0436265482934553,4.0,0.0,0.0240963855421685,2.615963001773025e-18,1,0.8372877001603068,1,0.8372877001603068,1,0.8372877001603068
sonar,global_topk,query_weighted_precision_log_tp,4,0.8428376592453466,0.0436265482934553,4.0,0.0,0.0240963855421685,2.615963001773025e-18,1,0.8372877001603068,1,0.8372877001603068,1,0.8372877001603068
sonar,global_topk,query_weighted_precision_sqrt_tp,4,0.8428376592453466,0.0436265482934553,4.0,0.0,0.0240963855421685,2.615963001773025e-18,1,0.8372877001603068,1,0.8372877001603068,1,0.8372877001603068
sonar,global_topk,query_weighted_wracc,166,0.34375,0.0,166.0,0.0,1.0,0.0,166,0.34375,1,0.3372105856114777,1,0.3372105856114777
sonar,global_topk,robustness,1,0.8372877001603068,0.0376672507526776,1.0,0.0,0.0060240963855421,0.0,1,0.8372877001603068,1,0.8372877001603068,1,0.8372877001603068
sonar,global_topk,simplicity_prior,4,0.8428376592453466,0.0436265482934553,4.0,0.0,0.0240963855421685,2.615963001773025e-18,1,0.8372877001603068,1,0.8372877001603068,1,0.8372877001603068
sonar,global_topk,stability,1,0.8372877001603068,0.0376672507526776,1.0,0.0,0.0060240963855421,0.0,1,0.8372877001603068,1,0.8372877001603068,1,0.8372877001603068
sonar,global_topk,support,166,0.34375,0.0,166.0,0.0,1.0,0.0,166,0.34375,166,0.34375,166,0.34375
sonar,global_topk,supporter_opposer_ratio,1,0.8372877001603068,0.0376672507526776,1.0,0.0,0.0060240963855421,0.0,1,0.8372877001603068,1,0.8372877001603068,1,0.8372877001603068
sonar,global_topk,tn,166,0.34375,0.0,166.0,0.0,1.0,0.0,166,0.34375,166,0.34375,166,0.34375
sonar,global_topk,tp,1,0.8372877001603068,0.0376672507526776,1.0,0.0,0.0060240963855421,0.0,1,0.8372877001603068,1,0.8372877001603068,1,0.8372877001603068
sonar,global_topk,wracc,166,0.34375,0.0,166.0,0.0,1.0,0.0,166,0.34375,166,0.34375,166,0.34375
sonar,global_topk,youdens_j,166,0.34375,0.0,166.0,0.0,1.0,0.0,166,0.34375,166,0.34375,166,0.34375
sonar,random_topk,random,9,0.516647989752614,0.0216872826582792,9.0,0.0,0.0542168674698795,0.0,9,0.516647989752614,1,0.5050331783212061,1,0.5050331783212061
spambase,global_topk,balanced_precision_proxy,2869,0.7866480284333102,0.0232855600876989,2869.0,0.0,0.7796195652173913,0.0,2869,0.7866480284333102,2869,0.7866480284333102,2869,0.7866480284333102
spambase,global_topk,chi_squared,2869,0.801855214299293,0.0108892577534432,2869.0,0.0,0.7796195652173913,0.0,2869,0.801855214299293,2869,0.801855214299293,2869,0.801855214299293
spambase,global_topk,delta_stability,826,0.6236967289103709,0.013564267750864,826.0,0.0,0.2244565217391304,2.09277040141842e-17,826,0.6236967289103709,644,0.6057890556169581,644,0.6057890556169581
spambase,global_topk,description_volume,5,0.9085082521478788,0.0053926877726721,5.0,0.0,0.0013586956521739,0.0,1,0.9028925866089093,1,0.9028925866089093,1,0.9028925866089093
spambase,global_topk,error_rate,5,0.912803044963444,0.0057577520400815,5.0,0.0,0.0013586956521739,0.0,3,0.9093105731225188,1,0.9027839256709674,1,0.9027839256709674
spambase,global_topk,fn,3680,0.3772819472616633,0.0,3680.0,0.0,1.0,0.0,3680,0.3772819472616633,3680,0.3772819472616633,3680,0.3772819472616633
spambase,global_topk,fp,5,0.912803044963444,0.0057577520400815,5.0,0.0,0.0013586956521739,0.0,3,0.9093105731225188,1,0.9027839256709674,1,0.9027839256709674
spambase,global_topk,g_test,2869,0.7859858460755713,0.0252055582273523,2869.0,0.0,0.7796195652173913,0.0,2869,0.7859858460755713,2869,0.7859858460755713,2869,0.7859858460755713
spambase,global_topk,gini_gain,2869,0.8016198697565574,0.0109671071184327,2869.0,0.0,0.7796195652173913,0.0,2869,0.8016198697565574,2869,0.8016198697565574,2869,0.8016198697565574
spambase,global_topk,information_gain,2869,0.7859858460755713,0.0252055582273523,2869.0,0.0,0.7796195652173913,0.0,2869,0.7859858460755713,2869,0.7859858460755713,2869,0.7859858460755713
spambase,global_topk,interval_tightness,6,0.9155000324115014,0.0029698631830967,6.0,0.0,0.0016304347826086,0.0,4,0.9112520256092768,1,0.9028925866089093,1,0.9028925866089093
spambase,global_topk,lift,2869,0.7473282666940396,0.0400910788065622,2869.0,0.0,0.7796195652173913,0.0,2869,0.7473282666940396,2869,0.7473282666940396,2869,0.7473282666940396
spambase,global_topk,log_odds_ratio,1360,0.631956048328376,0.0076387573573731,1360.0,0.0,0.3695652173913043,0.0,1360,0.631956048328376,1060,0.6149771655410302,1060,0.6149771655410302
spambase,global_topk,log_odds_ratio_log_tp,1360,0.6070335656090201,0.0085308274509567,1360.0,0.0,0.3695652173913043,0.0,1360,0.6070335656090201,1360,0.6070335656090201,1060,0.5869634439190057
spambase,global_topk,matthews_correlation,2869,0.7689173174332253,0.0333536674938911,2869.0,0.0,0.7796195652173913,0.0,2869,0.7689173174332253,2869,0.7689173174332253,2869,0.7689173174332253
spambase,global_topk,precision,5,0.912803044963444,0.0057577520400815,5.0,0.0,0.0013586956521739,0.0,3,0.9093105731225188,1,0.9027839256709674,1,0.9027839256709674
spambase,global_topk,precision_log_tp,1360,0.5941589865567539,0.008647231828796,1360.0,0.0,0.3695652173913043,0.0,1360,0.5941589865567539,1360,0.5941589865567539,1060,0.5729411791652625
spambase,global_topk,precision_sqrt_tp,1360,0.6046927828935659,0.0082451942671654,1360.0,0.0,0.3695652173913043,0.0,1360,0.6046927828935659,1360,0.6046927828935659,1060,0.5818889672904879
spambase,global_topk,query_binary_similarity,5,0.9085082521478788,0.0053926877726721,5.0,0.0,0.0013586956521739,0.0,1,0.9028925866089093,1,0.9028925866089093,1,0.9028925866089093
spambase,global_topk,query_numeric_similarity,6,0.9155000324115014,0.0029698631830967,6.0,0.0,0.0016304347826086,0.0,4,0.9112520256092768,1,0.9028925866089093,1,0.9028925866089093
spambase,global_topk,query_similarity,6,0.9155000324115014,0.0029698631830967,6.0,0.0,0.0016304347826086,0.0,4,0.9112520256092768,1,0.9028925866089093,1,0.9028925866089093
spambase,global_topk,query_weighted_log_odds_ratio,1360,0.631956048328376,0.0076387573573731,1360.0,0.0,0.3695652173913043,0.0,1360,0.631956048328376,1060,0.6149771655410302,1060,0.6149771655410302
spambase,global_topk,query_weighted_log_odds_ratio_log_tp,1360,0.6070335656090201,0.0085308274509567,1360.0,0.0,0.3695652173913043,0.0,1360,0.6070335656090201,1360,0.6070335656090201,1060,0.5869634439190057
spambase,global_topk,query_weighted_precision,6,0.9179987926038116,0.0041644526416233,6.0,0.0,0.0016304347826086,0.0,3,0.9093105731225188,1,0.9027839256709674,1,0.9027839256709674
spambase,global_topk,query_weighted_precision_log_tp,1360,0.5941589865567539,0.008647231828796,1360.0,0.0,0.3695652173913043,0.0,1360,0.5941589865567539,1360,0.5941589865567539,1060,0.5729411791652625
spambase,global_topk,query_weighted_precision_sqrt_tp,1360,0.6046927828935659,0.0082451942671654,1360.0,0.0,0.3695652173913043,0.0,1360,0.6046927828935659,1360,0.6046927828935659,1060,0.5818889672904879
spambase,global_topk,query_weighted_wracc,2869,0.7866480284333102,0.0232855600876989,2869.0,0.0,0.7796195652173913,0.0,2869,0.7866480284333102,2869,0.7866480284333102,2869,0.7866480284333102
spambase,global_topk,robustness,1360,0.5198908442175121,0.0109724385659541,1360.0,0.0,0.3695652173913043,0.0,1360,0.5198908442175121,1360,0.5198908442175121,1360,0.5198908442175121
spambase,global_topk,simplicity_prior,6,0.9156198545289288,0.0029393894618824,6.0,0.0,0.0016304347826086,0.0,4,0.9112520256092768,1,0.9028925866089093,1,0.9028925866089093
spambase,global_topk,stability,1360,0.5198908442175121,0.0109724385659541,1360.0,0.0,0.3695652173913043,0.0,1360,0.5198908442175121,1360,0.5198908442175121,1360,0.5198908442175121
spambase,global_topk,support,1360,0.6086571468537443,0.0100926047836492,1360.0,0.0,0.3695652173913043,0.0,1360,0.6086571468537443,1360,0.6086571468537443,1060,0.5863509292230541
spambase,global_topk,supporter_opposer_ratio,5,0.912803044963444,0.0057577520400815,5.0,0.0,0.0013586956521739,0.0,3,0.9093105731225188,1,0.9027839256709674,1,0.9027839256709674
spambase,global_topk,tn,3680,0.3772819472616633,0.0,3680.0,0.0,1.0,0.0,3680,0.3772819472616633,3680,0.3772819472616633,3680,0.3772819472616633
spambase,global_topk,tp,1360,0.5809377726079299,0.0083337665684563,1360.0,0.0,0.3695652173913043,0.0,1360,0.5809377726079299,1360,0.5809377726079299,1360,0.5809377726079299
spambase,global_topk,wracc,2869,0.7866480284333102,0.0232855600876989,2869.0,0.0,0.7796195652173913,0.0,2869,0.7866480284333102,2869,0.7866480284333102,2869,0.7866480284333102
spambase,global_topk,youdens_j,2869,0.7866480284333102,0.0232855600876989,2869.0,0.0,0.7796195652173913,0.0,2869,0.7866480284333102,2869,0.7866480284333102,2869,0.7866480284333102
spambase,random_topk,random,1,0.4991723685201437,0.0038379749432498,1.0,0.0,0.0002717391304347,0.0,1,0.4991723685201437,1,0.4991723685201437,1,0.4991723685201437
waveform,global_topk,balanced_precision_proxy,1,0.498936204142946,0.0113453603101137,1.0,0.0,0.0003783579265985,0.0,1,0.498936204142946,1,0.498936204142946,1,0.498936204142946
waveform,global_topk,chi_squared,1,0.4980621292591964,0.0110858047116742,1.0,0.0,0.0003783579265985,0.0,1,0.4980621292591964,1,0.4980621292591964,1,0.4980621292591964
waveform,global_topk,delta_stability,158,0.917216606649816,0.0065152073806664,158.0,0.0,0.0597805524025728,5.2319260035460495e-18,31,0.9117392885562232,3,0.8951276439258837,3,0.8951276439258837
waveform,global_topk,description_volume,405,0.89542833994951,0.0103181091660959,405.0,0.0,0.1532349602724177,0.0,9,0.8874351891784785,5,0.8762809227570212,1,0.8563691630031272
waveform,global_topk,error_rate,158,0.917216606649816,0.0065152073806664,158.0,0.0,0.0597805524025728,5.2319260035460495e-18,31,0.9117392885562232,3,0.8951276439258837,3,0.8951276439258837
waveform,global_topk,fn,2,0.3374993253773423,0.0041312815022371,2.0,0.0,0.000756715853197,8.174884380540703e-20,1,0.3369871280034183,1,0.3369871280034183,1,0.3369871280034183
waveform,global_topk,fp,158,0.917216606649816,0.0065152073806664,158.0,0.0,0.0597805524025728,5.2319260035460495e-18,31,0.9117392885562232,3,0.8951276439258837,3,0.8951276439258837
waveform,global_topk,g_test,1,0.498592272560459,0.0112533651736392,1.0,0.0,0.0003783579265985,0.0,1,0.498592272560459,1,0.498592272560459,1,0.498592272560459
waveform,global_topk,gini_gain,1,0.4980621292591964,0.0110858047116742,1.0,0.0,0.0003783579265985,0.0,1,0.4980621292591964,1,0.4980621292591964,1,0.4980621292591964
waveform,global_topk,information_gain,1,0.498592272560459,0.0112533651736392,1.0,0.0,0.0003783579265985,0.0,1,0.498592272560459,1,0.498592272560459,1,0.498592272560459
waveform,global_topk,interval_tightness,158,0.9167505546506995,0.0071706894098694,158.0,0.0,0.0597805524025728,5.2319260035460495e-18,24,0.9076449546606624,3,0.8951276439258837,3,0.8951276439258837
waveform,global_topk,lift,2643,0.3343403826787511,4.18554080283684e-17,2643.0,0.0,1.0,0.0,1,0.3323232323232323,1,0.3323232323232323,1,0.3323232323232323
waveform,global_topk,log_odds_ratio,200,0.915279084662734,0.0050192296914604,200.0,0.0,0.0756715853197124,0.0,62,0.9069255049568758,19,0.8891268986239714,12,0.8717356298044028
waveform,global_topk,log_odds_ratio_log_tp,200,0.915279084662734,0.0050192296914604,200.0,0.0,0.0756715853197124,0.0,62,0.9069255049568758,19,0.8889725659480254,12,0.8717356298044028
waveform,global_topk,matthews_correlation,1,0.498936204142946,0.0113453603101137,1.0,0.0,0.0003783579265985,0.0,1,0.498936204142946,1,0.498936204142946,1,0.498936204142946
waveform,global_topk,precision,158,0.917216606649816,0.0065152073806664,158.0,0.0,0.0597805524025728,5.2319260035460495e-18,31,0.9117392885562232,3,0.8951276439258837,3,0.8951276439258837
waveform,global_topk,precision_log_tp,200,0.915279084662734,0.0050192296914604,200.0,0.0,0.0756715853197124,0.0,62,0.9069255049568758,19,0.8889725659480254,12,0.8711110919905417
waveform,global_topk,precision_sqrt_tp,200,0.915279084662734,0.0050192296914604,200.0,0.0,0.0756715853197124,0.0,62,0.9069255049568758,19,0.8889725659480254,12,0.8717356298044028
waveform,global_topk,query_binary_similarity,158,0.917216606649816,0.0065152073806664,158.0,0.0,0.0597805524025728,5.2319260035460495e-18,31,0.9117392885562232,3,0.8951276439258837,3,0.8951276439258837
waveform,global_topk,query_numeric_similarity,158,0.9167505546506995,0.0071706894098694,158.0,0.0,0.0597805524025728,5.2319260035460495e-18,24,0.9076449546606624,3,0.8951276439258837,3,0.8951276439258837
waveform,global_topk,query_similarity,158,0.9167505546506995,0.0071706894098694,158.0,0.0,0.0597805524025728,5.2319260035460495e-18,24,0.9076449546606624,3,0.8951276439258837,3,0.8951276439258837
waveform,global_topk,query_weighted_log_odds_ratio,200,0.9149696636666638,0.0052860425409007,200.0,0.0,0.0756715853197124,0.0,78,0.9061638411897612,19,0.8889773747252464,12,0.8726109564969361
waveform,global_topk,query_weighted_log_odds_ratio_log_tp,200,0.9149696636666638,0.0052860425409007,200.0,0.0,0.0756715853197124,0.0,78,0.9061638411897612,19,0.8889725659480254,12,0.8727601980713542
waveform,global_topk,query_weighted_precision,158,0.9167505546506995,0.0071706894098694,158.0,0.0,0.0597805524025728,5.2319260035460495e-18,24,0.9076449546606624,3,0.8951276439258837,3,0.8951276439258837
waveform,global_topk,query_weighted_precision_log_tp,200,0.9149696636666638,0.0052860425409007,200.0,0.0,0.0756715853197124,0.0,78,0.9063154713838428,19,0.8889725659480254,12,0.8727659282240804
waveform,global_topk,query_weighted_precision_sqrt_tp,200,0.9161695860298688,0.0056157040959027,200.0,0.0,0.0756715853197124,0.0,62,0.9078440892852124,19,0.8912173438148484,9,0.8786932151101668
waveform,global_topk,query_weighted_wracc,78,0.8835158456257484,0.0143426643824664,78.0,0.0,0.0295119182746878,0.0,39,0.8779159763459641,9,0.8583105557310973,5,0.8400993870008004
waveform,global_topk,robustness,158,0.9156339892745096,0.0049877512448168,158.0,0.0,0.0597805524025728,5.2319260035460495e-18,62,0.907987447191536,19,0.8903795599112909,9,0.8705187835066177
waveform,global_topk,simplicity_prior,158,0.9167505546506995,0.0071706894098694,158.0,0.0,0.0597805524025728,5.2319260035460495e-18,24,0.9076449546606624,3,0.8951276439258837,3,0.8951276439258837
waveform,global_topk,stability,158,0.9156339892745096,0.0049877512448168,158.0,0.0,0.0597805524025728,5.2319260035460495e-18,62,0.907987447191536,19,0.8903795599112909,9,0.8705187835066177
waveform,global_topk,support,1,0.4964808919277385,0.011031100173842,1.0,0.0,0.0003783579265985,0.0,1,0.4964808919277385,1,0.4964808919277385,1,0.4964808919277385
waveform,global_topk,supporter_opposer_ratio,158,0.917216606649816,0.0065152073806664,158.0,0.0,0.0597805524025728,5.2319260035460495e-18,31,0.9117392885562232,3,0.8951276439258837,3,0.8951276439258837
waveform,global_topk,tn,2643,0.3343403826787511,4.18554080283684e-17,2643.0,0.0,1.0,0.0,1,0.3323232323232323,1,0.3323232323232323,1,0.3323232323232323
waveform,global_topk,tp,200,0.915279084662734,0.0050192296914604,200.0,0.0,0.0756715853197124,0.0,62,0.9069255049568758,19,0.8889725659480254,12,0.8711110919905417
waveform,global_topk,wracc,1,0.498936204142946,0.0113453603101137,1.0,0.0,0.0003783579265985,0.0,1,0.498936204142946,1,0.498936204142946,1,0.498936204142946
waveform,global_topk,youdens_j,1,0.498936204142946,0.0113453603101137,1.0,0.0,0.0003783579265985,0.0,1,0.498936204142946,1,0.498936204142946,1,0.498936204142946
waveform,random_topk,random,39,0.5041570958025594,0.0038600339657611,39.0,0.0,0.0147559591373439,0.0,3,0.5007625753941355,1,0.4978099266202757,1,0.4978099266202757
vehicle,global_topk,balanced_precision_proxy,24,0.3889934643814797,0.0262816753709451,24.0,0.0,0.0355029585798816,0.0,24,0.3889934643814797,24,0.3889934643814797,20,0.3746400462593991
vehicle,global_topk,chi_squared,20,0.4053079127185827,0.0315193440993784,20.0,0.0,0.0295857988165679,2.615963001773025e-18,20,0.4053079127185827,17,0.395495315686227,17,0.395495315686227
vehicle,global_topk,delta_stability,5,0.7046314203457283,0.0205497660634033,5.0,0.0,0.0073964497041419,6.539907504432564e-19,1,0.6996876340265807,1,0.6996876340265807,1,0.6996876340265807
vehicle,global_topk,description_volume,7,0.7062282158175712,0.0265443260417628,7.0,0.0,0.0103550295857988,0.0,5,0.703310794638264,1,0.699062258021429,1,0.699062258021429
vehicle,global_topk,error_rate,5,0.7046314203457283,0.0205497660634033,5.0,0.0,0.0073964497041419,6.539907504432564e-19,1,0.6996876340265807,1,0.6996876340265807,1,0.6996876340265807
vehicle,global_topk,fn,2,0.1212174653688829,0.0075212528033772,2.0,0.0,0.0029585798816568,0.0,2,0.1212174653688829,2,0.1212174653688829,1,0.1163397575653537
vehicle,global_topk,fp,5,0.7046314203457283,0.0205497660634033,5.0,0.0,0.0073964497041419,6.539907504432564e-19,1,0.6996876340265807,1,0.6996876340265807,1,0.6996876340265807
vehicle,global_topk,g_test,20,0.4074094238552968,0.0281809356398833,20.0,0.0,0.0295857988165679,2.615963001773025e-18,20,0.4074094238552968,17,0.4008683092237793,17,0.4008683092237793
vehicle,global_topk,gini_gain,20,0.4101912397594466,0.0312360425031007,20.0,0.0,0.0295857988165679,2.615963001773025e-18,20,0.4101912397594466,17,0.3980072729753635,17,0.3980072729753635
vehicle,global_topk,information_gain,20,0.4074094238552968,0.0281809356398833,20.0,0.0,0.0295857988165679,2.615963001773025e-18,20,0.4074094238552968,17,0.4008683092237793,17,0.4008683092237793
vehicle,global_topk,interval_tightness,5,0.7065891611660797,0.0193363098738723,5.0,0.0,0.0073964497041419,6.539907504432564e-19,1,0.6996876340265807,1,0.6996876340265807,1,0.6996876340265807
vehicle,global_topk,lift,567,0.2475504340032359,0.0272613189073843,567.0,0.0,0.8387573964497042,0.0,567,0.2475504340032359,476,0.2444674628060437,476,0.2444674628060437
vehicle,global_topk,log_odds_ratio,58,0.6527236103402406,0.0192617817257615,58.0,0.0,0.0857988165680473,0.0,58,0.6527236103402406,49,0.641713292296049,49,0.641713292296049
vehicle,global_topk,log_odds_ratio_log_tp,98,0.6409291246633133,0.0175382242031813,98.0,0.0,0.1449704142011834,0.0,98,0.6409291246633133,58,0.6231138624490375,58,0.6231138624490375
vehicle,global_topk,matthews_correlation,20,0.4029267621435355,0.0304544477169812,20.0,0.0,0.0295857988165679,2.615963001773025e-18,20,0.4029267621435355,17,0.3961791150093008,17,0.3961791150093008
vehicle,global_topk,precision,5,0.7046314203457283,0.0205497660634033,5.0,0.0,0.0073964497041419,6.539907504432564e-19,1,0.6996876340265807,1,0.6996876340265807,1,0.6996876340265807
vehicle,global_topk,precision_log_tp,98,0.6165440273612031,0.0205286026242026,98.0,0.0,0.1449704142011834,0.0,83,0.6147861746797483,69,0.5999643167530038,69,0.5999643167530038
vehicle,global_topk,precision_sqrt_tp,98,0.6253424553929932,0.017740334687376,98.0,0.0,0.1449704142011834,0.0,98,0.6253424553929932,58,0.6131982887041987,58,0.6131982887041987
vehicle,global_topk,query_binary_similarity,5,0.7046314203457283,0.0205497660634033,5.0,0.0,0.0073964497041419,6.539907504432564e-19,1,0.6996876340265807,1,0.6996876340265807,1,0.6996876340265807
vehicle,global_topk,query_numeric_similarity,5,0.7065891611660797,0.0193363098738723,5.0,0.0,0.0073964497041419,6.539907504432564e-19,1,0.6996876340265807,1,0.6996876340265807,1,0.6996876340265807
vehicle,global_topk,query_similarity,5,0.7065891611660797,0.0193363098738723,5.0,0.0,0.0073964497041419,6.539907504432564e-19,1,0.6996876340265807,1,0.6996876340265807,1,0.6996876340265807
vehicle,global_topk,query_weighted_log_odds_ratio,58,0.6632412304125708,0.0223591169358332,58.0,0.0,0.0857988165680473,0.0,58,0.6632412304125708,49,0.6496670714946644,49,0.6496670714946644
vehicle,global_topk,query_weighted_log_odds_ratio_log_tp,98,0.6481041568202012,0.0140538051694451,98.0,0.0,0.1449704142011834,0.0,83,0.6440488209890605,58,0.6369275929590482,58,0.6369275929590482
vehicle,global_topk,query_weighted_precision,5,0.7065891611660797,0.0193363098738723,5.0,0.0,0.0073964497041419,6.539907504432564e-19,1,0.6996876340265807,1,0.6996876340265807,1,0.6996876340265807
vehicle,global_topk,query_weighted_precision_log_tp,83,0.645907908300406,0.0213358516431779,83.0,0.0,0.1227810650887573,1.04638520070921e-17,58,0.6437351575949546,49,0.6297956089393527,49,0.6297956089393527
vehicle,global_topk,query_weighted_precision_sqrt_tp,58,0.6684196120077729,0.0250244804880829,58.0,0.0,0.0857988165680473,0.0,58,0.6684196120077729,41,0.6497003981591976,41,0.6497003981591976
vehicle,global_topk,query_weighted_wracc,83,0.5926489305743675,0.0283917572476723,83.0,0.0,0.1227810650887573,1.04638520070921e-17,83,0.5926489305743675,69,0.5758033210999031,69,0.5758033210999031
vehicle,global_topk,robustness,83,0.6001252250721546,0.0238013222068043,83.0,0.0,0.1227810650887573,1.04638520070921e-17,83,0.6001252250721546,69,0.5858039262862379,58,0.5758585026161669
vehicle,global_topk,simplicity_prior,5,0.7059046910978068,0.0192928032190294,5.0,0.0,0.0073964497041419,6.539907504432564e-19,1,0.6996876340265807,1,0.6996876340265807,1,0.6996876340265807
vehicle,global_topk,stability,83,0.6001252250721546,0.0238013222068043,83.0,0.0,0.1227810650887573,1.04638520070921e-17,83,0.6001252250721546,69,0.5858039262862379,58,0.5758585026161669
vehicle,global_topk,support,24,0.3382212557081272,0.0251327956632493,24.0,0.0,0.0355029585798816,0.0,24,0.3382212557081272,17,0.3326838704867613,17,0.3326838704867613
vehicle,global_topk,supporter_opposer_ratio,5,0.7046314203457283,0.0205497660634033,5.0,0.0,0.0073964497041419,6.539907504432564e-19,1,0.6996876340265807,1,0.6996876340265807,1,0.6996876340265807
vehicle,global_topk,tn,567,0.1467238805208624,0.0126702334299952,567.0,0.0,0.8387573964497042,0.0,567,0.1467238805208624,567,0.1467238805208624,567,0.1467238805208624
vehicle,global_topk,tp,117,0.5845767086215305,0.0172813964414987,117.0,0.0,0.1730769230769229,2.09277040141842e-17,117,0.5845767086215305,83,0.5781341889026488,69,0.5620696040938582
vehicle,global_topk,wracc,24,0.3896977648612784,0.0266964904433485,24.0,0.0,0.0355029585798816,0.0,24,0.3896977648612784,24,0.3896977648612784,20,0.3761533982549014
vehicle,global_topk,youdens_j,24,0.3889934643814797,0.0262816753709451,24.0,0.0,0.0355029585798816,0.0,24,0.3889934643814797,24,0.3889934643814797,20,0.3746400462593991
vehicle,random_topk,random,1,0.2514421928878088,0.0133289656977668,1.0,0.0,0.0014792899408284,0.0,1,0.2514421928878088,1,0.2514421928878088,1,0.2514421928878088
page_blocks,global_topk,balanced_precision_proxy,337,0.3736293242349892,0.0154988498051854,337.0,0.0,0.0769757880310644,0.0,261,0.3731699572404027,93,0.3640463843809823,72,0.3552732640205883
page_blocks,global_topk,chi_squared,156,0.3653094944012325,0.0127100249311489,156.0,0.0,0.035632708999543,5.2319260035460495e-18,156,0.3653094944012325,156,0.3653094944012325,156,0.3653094944012325
page_blocks,global_topk,delta_stability,93,0.4553058437010778,0.0155000973687272,93.0,0.0,0.0212425765189583,2.615963001773025e-18,93,0.4553058437010778,93,0.4553058437010778,93,0.4553058437010778
page_blocks,global_topk,description_volume,1,0.7339353392132862,0.031573428389738,1.0,0.0,0.0002284148012791,0.0,1,0.7339353392132862,1,0.7339353392132862,1,0.7339353392132862
page_blocks,global_topk,error_rate,1,0.8133369270722568,0.0252604663981565,1.0,0.0,0.0002284148012791,0.0,1,0.8133369270722568,1,0.8133369270722568,1,0.8133369270722568
page_blocks,global_topk,fn,727,0.1892204042348411,0.0,727.0,0.0,0.1660575605299223,2.09277040141842e-17,727,0.1892204042348411,727,0.1892204042348411,727,0.1892204042348411
page_blocks,global_topk,fp,1,0.8155374342332895,0.0257242776093982,1.0,0.0,0.0002284148012791,0.0,1,0.8155374342332895,1,0.8155374342332895,1,0.8155374342332895
page_blocks,global_topk,g_test,56,0.3772491218916685,0.0141202351322446,56.0,0.0,0.0127912288716308,0.0,56,0.3772491218916685,33,0.373182893704898,33,0.373182893704898
page_blocks,global_topk,gini_gain,261,0.370780862114247,0.0131008714916984,261.0,0.0,0.059616263133851,5.2319260035460495e-18,261,0.370780862114247,43,0.3664954655919554,33,0.3523578532036482
page_blocks,global_topk,information_gain,56,0.3772491218916685,0.0141202351322446,56.0,0.0,0.0127912288716308,0.0,56,0.3772491218916685,33,0.373182893704898,33,0.373182893704898
page_blocks,global_topk,interval_tightness,1,0.8177467611871456,0.0244875396357465,1.0,0.0,0.0002284148012791,0.0,1,0.8177467611871456,1,0.8177467611871456,1,0.8177467611871456
page_blocks,global_topk,lift,727,0.1892204042348411,0.0,727.0,0.0,0.1660575605299223,2.09277040141842e-17,727,0.1892204042348411,727,0.1892204042348411,727,0.1892204042348411
page_blocks,global_topk,log_odds_ratio,72,0.2070143348967699,0.0098200968186538,72.0,0.0,0.0164458656920968,0.0,72,0.2070143348967699,43,0.2031782047504444,9,0.1969107501606582
page_blocks,global_topk,log_odds_ratio_log_tp,56,0.2031942719438992,0.0079212763070318,56.0,0.0,0.0127912288716308,0.0,56,0.2031942719438992,20,0.1980572079413092,7,0.1945885420650626
page_blocks,global_topk,matthews_correlation,156,0.3734510959399358,0.0124053618035892,156.0,0.0,0.035632708999543,5.2319260035460495e-18,156,0.3734510959399358,156,0.3734510959399358,156,0.3734510959399358
page_blocks,global_topk,precision,1,0.7883220117173673,0.0237714351336083,1.0,0.0,0.0002284148012791,0.0,1,0.7883220117173673,1,0.7883220117173673,1,0.7883220117173673
page_blocks,global_topk,precision_log_tp,26,0.2054875936898929,0.0076967463212091,26.0,0.0,0.005938784833257,6.539907504432564e-19,9,0.2044980835486129,7,0.2010659177574441,5,0.195835129977706
page_blocks,global_topk,precision_sqrt_tp,9,0.2073445570313934,0.0048320976092937,9.0,0.0,0.0020557332115121,0.0,9,0.2073445570313934,7,0.2039262958612224,7,0.2039262958612224
page_blocks,global_topk,query_binary_similarity,1,0.8177467611871456,0.0244875396357465,1.0,0.0,0.0002284148012791,0.0,1,0.8177467611871456,1,0.8177467611871456,1,0.8177467611871456
page_blocks,global_topk,query_numeric_similarity,1,0.8177467611871456,0.0244875396357465,1.0,0.0,0.0002284148012791,0.0,1,0.8177467611871456,1,0.8177467611871456,1,0.8177467611871456
page_blocks,global_topk,query_similarity,1,0.8177467611871456,0.0244875396357465,1.0,0.0,0.0002284148012791,0.0,1,0.8177467611871456,1,0.8177467611871456,1,0.8177467611871456
page_blocks,global_topk,query_weighted_log_odds_ratio,72,0.2069688126999859,0.0103016010798776,72.0,0.0,0.0164458656920968,0.0,43,0.2053889468501988,33,0.2014935769616109,9,0.1981054500749277
page_blocks,global_topk,query_weighted_log_odds_ratio_log_tp,56,0.2043084328686052,0.0083091125784359,56.0,0.0,0.0127912288716308,0.0,56,0.2043084328686052,26,0.1991889193517684,7,0.1945885420650626
page_blocks,global_topk,query_weighted_precision,1,0.8154827732944566,0.025629589093462,1.0,0.0,0.0002284148012791,0.0,1,0.8154827732944566,1,0.8154827732944566,1,0.8154827732944566
page_blocks,global_topk,query_weighted_precision_log_tp,33,0.208732799473984,0.0093537747042967,33.0,0.0,0.007537688442211,0.0,20,0.2081422975456813,16,0.2049097974751059,7,0.1992658124765763
page_blocks,global_topk,query_weighted_precision_sqrt_tp,33,0.2070919178475755,0.0089113681548494,33.0,0.0,0.007537688442211,0.0,9,0.2056767162694276,7,0.2010827047843119,7,0.2010827047843119
page_blocks,global_topk,query_weighted_wracc,72,0.3583195850166356,0.0051239460626562,72.0,0.0,0.0164458656920968,0.0,43,0.3548222444500428,26,0.3476956320637944,26,0.3476956320637944
page_blocks,global_topk,robustness,93,0.2236344491139738,0.0151777461259322,93.0,0.0,0.0212425765189583,2.615963001773025e-18,93,0.2236344491139738,93,0.2236344491139738,93,0.2236344491139738
page_blocks,global_topk,simplicity_prior,1,0.8177467611871456,0.0244875396357465,1.0,0.0,0.0002284148012791,0.0,1,0.8177467611871456,1,0.8177467611871456,1,0.8177467611871456
page_blocks,global_topk,stability,93,0.2236344491139738,0.0151777461259322,93.0,0.0,0.0212425765189583,2.615963001773025e-18,93,0.2236344491139738,93,0.2236344491139738,93,0.2236344491139738
page_blocks,global_topk,support,121,0.3508665292775562,0.0082612774264755,121.0,0.0,0.0276381909547738,0.0,121,0.3508665292775562,56,0.3409382215410045,56,0.3409382215410045
page_blocks,global_topk,supporter_opposer_ratio,1,0.7883220117173673,0.0237714351336083,1.0,0.0,0.0002284148012791,0.0,1,0.7883220117173673,1,0.7883220117173673,1,0.7883220117173673
page_blocks,global_topk,tn,727,0.1892204042348411,0.0,727.0,0.0,0.1660575605299223,2.09277040141842e-17,727,0.1892204042348411,727,0.1892204042348411,727,0.1892204042348411
page_blocks,global_topk,tp,9,0.2112842011828792,0.0036463377983752,9.0,0.0,0.0020557332115121,0.0,9,0.2112842011828792,7,0.2074088663584667,7,0.2074088663584667
page_blocks,global_topk,wracc,72,0.3570779768345348,0.0056298449655228,72.0,0.0,0.0164458656920968,0.0,56,0.3548896563298656,33,0.349738660995402,26,0.3417647706734636
page_blocks,global_topk,youdens_j,337,0.3736293242349892,0.0154988498051854,337.0,0.0,0.0769757880310644,0.0,261,0.3731699572404027,93,0.3640463843809823,72,0.3552732640205883
page_blocks,random_topk,random,1,0.1980623867229893,0.0018821191857864,1.0,0.0,0.0002284148012791,0.0,1,0.1980623867229893,1,0.1980623867229893,1,0.1980623867229893
glass,global_topk,balanced_precision_proxy,152,0.119341865213318,0.0200324604132551,152.0,0.0,0.888888888888889,8.37108160567368e-17,152,0.119341865213318,152,0.119341865213318,152,0.119341865213318
glass,global_topk,chi_squared,152,0.1323687159965193,0.020697283256119,152.0,0.0,0.888888888888889,8.37108160567368e-17,152,0.1323687159965193,152,0.1323687159965193,76,0.1271446954667359
glass,global_topk,delta_stability,8,0.4975948947160864,0.044496706030348,8.0,0.0,0.0467836257309941,0.0,6,0.4943391681447837,5,0.489041615005925,5,0.489041615005925
glass,global_topk,description_volume,1,0.6599185593472956,0.0815112125007646,1.0,0.0,0.0058479532163742,0.0,1,0.6599185593472956,1,0.6599185593472956,1,0.6599185593472956
glass,global_topk,error_rate,1,0.6675152783006417,0.0832704419434796,1.0,0.0,0.0058479532163742,0.0,1,0.6675152783006417,1,0.6675152783006417,1,0.6675152783006417
glass,global_topk,fn,171,0.0862068965517241,0.0,171.0,0.0,1.0,0.0,171,0.0862068965517241,171,0.0862068965517241,171,0.0862068965517241
glass,global_topk,fp,1,0.6675152783006417,0.0832704419434796,1.0,0.0,0.0058479532163742,0.0,1,0.6675152783006417,1,0.6675152783006417,1,0.6675152783006417
glass,global_topk,g_test,1,0.1899944989668946,0.0426262537198506,1.0,0.0,0.0058479532163742,0.0,1,0.1899944989668946,1,0.1899944989668946,1,0.1899944989668946
glass,global_topk,gini_gain,3,0.2034644147344007,0.0396590951562834,3.0,0.0,0.0175438596491228,0.0,1,0.2030921897983498,1,0.2030921897983498,1,0.2030921897983498
glass,global_topk,information_gain,1,0.1899944989668946,0.0426262537198506,1.0,0.0,0.0058479532163742,0.0,1,0.1899944989668946,1,0.1899944989668946,1,0.1899944989668946
glass,global_topk,interval_tightness,1,0.6675152783006417,0.0832704419434796,1.0,0.0,0.0058479532163742,0.0,1,0.6675152783006417,1,0.6675152783006417,1,0.6675152783006417
glass,global_topk,lift,152,0.1529086588012251,0.0178137758530132,152.0,0.0,0.888888888888889,8.37108160567368e-17,152,0.1529086588012251,76,0.1509892608884544,76,0.1509892608884544
glass,global_topk,log_odds_ratio,24,0.3350005447176482,0.0252142835338061,24.0,0.0,0.1403508771929824,0.0,17,0.3342028819839651,17,0.3342028819839651,17,0.3342028819839651
glass,global_topk,log_odds_ratio_log_tp,34,0.3323124031335577,0.0218666715808886,34.0,0.0,0.198830409356725,2.09277040141842e-17,34,0.3323124031335577,34,0.3323124031335577,24,0.3163066858337333
glass,global_topk,matthews_correlation,152,0.1323758682645411,0.0206985365957358,152.0,0.0,0.888888888888889,8.37108160567368e-17,152,0.1323758682645411,76,0.1291032094575935,76,0.1291032094575935
glass,global_topk,precision,1,0.6675152783006417,0.0832704419434796,1.0,0.0,0.0058479532163742,0.0,1,0.6675152783006417,1,0.6675152783006417,1,0.6675152783006417
glass,global_topk,precision_log_tp,38,0.3226429211847619,0.0263653524089772,38.0,0.0,0.2222222222222222,2.09277040141842e-17,34,0.3210541204328967,34,0.3210541204328967,30,0.3079658693359894
glass,global_topk,precision_sqrt_tp,38,0.3273419668447166,0.0189120267870309,38.0,0.0,0.2222222222222222,2.09277040141842e-17,34,0.3261454095374047,34,0.3261454095374047,24,0.3131576126846602
glass,global_topk,query_binary_similarity,1,0.6675152783006417,0.0832704419434796,1.0,0.0,0.0058479532163742,0.0,1,0.6675152783006417,1,0.6675152783006417,1,0.6675152783006417
glass,global_topk,query_numeric_similarity,1,0.6675152783006417,0.0832704419434796,1.0,0.0,0.0058479532163742,0.0,1,0.6675152783006417,1,0.6675152783006417,1,0.6675152783006417
glass,global_topk,query_similarity,1,0.6675152783006417,0.0832704419434796,1.0,0.0,0.0058479532163742,0.0,1,0.6675152783006417,1,0.6675152783006417,1,0.6675152783006417
glass,global_topk,query_weighted_log_odds_ratio,38,0.3367532095132687,0.0267066997340301,38.0,0.0,0.2222222222222222,2.09277040141842e-17,17,0.3351157175432305,17,0.3351157175432305,17,0.3351157175432305
glass,global_topk,query_weighted_log_odds_ratio_log_tp,34,0.3301289235739051,0.0219946881196873,34.0,0.0,0.198830409356725,2.09277040141842e-17,34,0.3301289235739051,30,0.3242563223392344,24,0.3175644581329616
glass,global_topk,query_weighted_precision,1,0.6675152783006417,0.0832704419434796,1.0,0.0,0.0058479532163742,0.0,1,0.6675152783006417,1,0.6675152783006417,1,0.6675152783006417
glass,global_topk,query_weighted_precision_log_tp,38,0.3243263943933504,0.0180182541677646,38.0,0.0,0.2222222222222222,2.09277040141842e-17,34,0.3230103146051916,30,0.3158804652915111,24,0.3113514740296355
glass,global_topk,query_weighted_precision_sqrt_tp,34,0.3273309084845183,0.0260109218122749,34.0,0.0,0.198830409356725,2.09277040141842e-17,34,0.3273309084845183,30,0.3183628475735581,24,0.3122999768740416
glass,global_topk,query_weighted_wracc,21,0.3062178002448151,0.0516942153435899,21.0,0.0,0.1228070175438596,1.04638520070921e-17,21,0.3062178002448151,19,0.3020139490497415,19,0.3020139490497415
glass,global_topk,robustness,48,0.3207528631657827,0.0200265211023662,48.0,0.0,0.2807017543859649,0.0,48,0.3207528631657827,34,0.3119972519074313,34,0.3119972519074313
glass,global_topk,simplicity_prior,1,0.6675152783006417,0.0832704419434796,1.0,0.0,0.0058479532163742,0.0,1,0.6675152783006417,1,0.6675152783006417,1,0.6675152783006417
glass,global_topk,stability,48,0.3207528631657827,0.0200265211023662,48.0,0.0,0.2807017543859649,0.0,48,0.3207528631657827,34,0.3119972519074313,34,0.3119972519074313
glass,global_topk,support,86,0.1049468189686425,0.0162363912667616,86.0,0.0,0.5029239766081871,0.0,86,0.1049468189686425,86,0.1049468189686425,86,0.1049468189686425
glass,global_topk,supporter_opposer_ratio,1,0.6675152783006417,0.0832704419434796,1.0,0.0,0.0058479532163742,0.0,1,0.6675152783006417,1,0.6675152783006417,1,0.6675152783006417
glass,global_topk,tn,152,0.0864766081871344,0.0066771187494529,152.0,0.0,0.888888888888889,8.37108160567368e-17,152,0.0864766081871344,152,0.0864766081871344,152,0.0864766081871344
glass,global_topk,tp,48,0.3310014767655494,0.0209998608187995,48.0,0.0,0.2807017543859649,0.0,48,0.3310014767655494,48,0.3310014767655494,34,0.3163735387356756
glass,global_topk,wracc,1,0.1720837043522683,0.0160865539632352,1.0,0.0,0.0058479532163742,0.0,1,0.1720837043522683,1,0.1720837043522683,1,0.1720837043522683
glass,global_topk,youdens_j,152,0.119341865213318,0.0200324604132551,152.0,0.0,0.888888888888889,8.37108160567368e-17,152,0.119341865213318,152,0.119341865213318,152,0.119341865213318
glass,random_topk,random,1,0.159855792520465,0.0098344935178927,1.0,0.0,0.0058479532163742,0.0,1,0.159855792520465,1,0.159855792520465,1,0.159855792520465
image_segmentation,global_topk,balanced_precision_proxy,1346,0.5517400830877758,0.0172786812178174,1346.0,0.0,0.8069544364508394,8.37108160567368e-17,1346,0.5517400830877758,1346,0.5517400830877758,1346,0.5517400830877758
image_segmentation,global_topk,chi_squared,1346,0.5475860508960244,0.0158988876145172,1346.0,0.0,0.8069544364508394,8.37108160567368e-17,1346,0.5475860508960244,1346,0.5475860508960244,1346,0.5475860508960244
image_segmentation,global_topk,delta_stability,15,0.9354808225760326,0.0094477204218824,15.0,0.0,0.0089928057553956,0.0,15,0.9354808225760326,12,0.9196305699955852,9,0.8918683229508904
image_segmentation,global_topk,description_volume,1,0.9678849617938404,0.0061206900101988,1.0,0.0,0.000599520383693,0.0,1,0.9678849617938404,1,0.9678849617938404,1,0.9678849617938404
image_segmentation,global_topk,error_rate,1,0.9678849617938404,0.0061206900101988,1.0,0.0,0.000599520383693,0.0,1,0.9678849617938404,1,0.9678849617938404,1,0.9678849617938404
image_segmentation,global_topk,fn,1346,0.3637237758994366,0.0099053931989218,1346.0,0.0,0.8069544364508394,8.37108160567368e-17,1346,0.3637237758994366,1346,0.3637237758994366,1346,0.3637237758994366
image_segmentation,global_topk,fp,1,0.9678849617938404,0.0061206900101988,1.0,0.0,0.000599520383693,0.0,1,0.9678849617938404,1,0.9678849617938404,1,0.9678849617938404
image_segmentation,global_topk,g_test,1346,0.5502708863337447,0.0163013103095563,1346.0,0.0,0.8069544364508394,8.37108160567368e-17,1346,0.5502708863337447,1346,0.5502708863337447,1346,0.5502708863337447
image_segmentation,global_topk,gini_gain,1346,0.5477616070302334,0.0162091569599763,1346.0,0.0,0.8069544364508394,8.37108160567368e-17,1346,0.5477616070302334,1346,0.5477616070302334,1346,0.5477616070302334
image_segmentation,global_topk,information_gain,1346,0.5502708863337447,0.0163013103095563,1346.0,0.0,0.8069544364508394,8.37108160567368e-17,1346,0.5502708863337447,1346,0.5502708863337447,1346,0.5502708863337447
image_segmentation,global_topk,interval_tightness,1,0.9678849617938404,0.0061206900101988,1.0,0.0,0.000599520383693,0.0,1,0.9678849617938404,1,0.9678849617938404,1,0.9678849617938404
image_segmentation,global_topk,lift,1346,0.4809724717254499,0.013790655982385,1346.0,0.0,0.8069544364508394,8.37108160567368e-17,1346,0.4809724717254499,1346,0.4809724717254499,1346,0.4809724717254499
image_segmentation,global_topk,log_odds_ratio,195,0.8675479805541066,0.0096395757418545,195.0,0.0,0.1169064748201438,0.0,195,0.8675479805541066,157,0.851170348515916,157,0.851170348515916
image_segmentation,global_topk,log_odds_ratio_log_tp,242,0.8573912654804612,0.0105079245643236,242.0,0.0,0.145083932853717,0.0,195,0.8558641146414929,195,0.8558641146414929,195,0.8558641146414929
image_segmentation,global_topk,matthews_correlation,1346,0.541525620287816,0.0149378841288371,1346.0,0.0,0.8069544364508394,8.37108160567368e-17,1346,0.541525620287816,1346,0.541525620287816,1346,0.541525620287816
image_segmentation,global_topk,precision,1,0.9678849617938404,0.0061206900101988,1.0,0.0,0.000599520383693,0.0,1,0.9678849617938404,1,0.9678849617938404,1,0.9678849617938404
image_segmentation,global_topk,precision_log_tp,242,0.8482546146241793,0.0122117695764359,242.0,0.0,0.145083932853717,0.0,242,0.8482546146241793,195,0.8266789189001891,195,0.8266789189001891
image_segmentation,global_topk,precision_sqrt_tp,242,0.8550867215104135,0.0116121477868942,242.0,0.0,0.145083932853717,0.0,195,0.8467688187203193,195,0.8467688187203193,195,0.8467688187203193
image_segmentation,global_topk,query_binary_similarity,1,0.9678849617938404,0.0061206900101988,1.0,0.0,0.000599520383693,0.0,1,0.9678849617938404,1,0.9678849617938404,1,0.9678849617938404
image_segmentation,global_topk,query_numeric_similarity,1,0.9678849617938404,0.0061206900101988,1.0,0.0,0.000599520383693,0.0,1,0.9678849617938404,1,0.9678849617938404,1,0.9678849617938404
image_segmentation,global_topk,query_similarity,1,0.9678849617938404,0.0061206900101988,1.0,0.0,0.000599520383693,0.0,1,0.9678849617938404,1,0.9678849617938404,1,0.9678849617938404
image_segmentation,global_topk,query_weighted_log_odds_ratio,195,0.8698699469030595,0.009948462256249,195.0,0.0,0.1169064748201438,0.0,195,0.8698699469030595,157,0.8558336820294027,157,0.8558336820294027
image_segmentation,global_topk,query_weighted_log_odds_ratio_log_tp,195,0.8582081764808812,0.0107826729919019,195.0,0.0,0.1169064748201438,0.0,195,0.8582081764808812,195,0.8582081764808812,195,0.8582081764808812
image_segmentation,global_topk,query_weighted_precision,1,0.9678849617938404,0.0061206900101988,1.0,0.0,0.000599520383693,0.0,1,0.9678849617938404,1,0.9678849617938404,1,0.9678849617938404
image_segmentation,global_topk,query_weighted_precision_log_tp,242,0.8556951873426388,0.0117288249710207,242.0,0.0,0.145083932853717,0.0,195,0.8553070701376344,195,0.8553070701376344,195,0.8553070701376344
image_segmentation,global_topk,query_weighted_precision_sqrt_tp,195,0.8619845253379342,0.0102614028271513,195.0,0.0,0.1169064748201438,0.0,195,0.8619845253379342,157,0.840681194579991,157,0.840681194579991
image_segmentation,global_topk,query_weighted_wracc,300,0.8220258494395773,0.0146752988527593,300.0,0.0,0.1798561151079136,0.0,242,0.8190218787258816,242,0.8190218787258816,242,0.8190218787258816
image_segmentation,global_topk,robustness,300,0.829536091577148,0.0147037309434618,300.0,0.0,0.1798561151079136,0.0,242,0.8242041003961352,242,0.8242041003961352,242,0.8242041003961352
image_segmentation,global_topk,simplicity_prior,1,0.9678849617938404,0.0061206900101988,1.0,0.0,0.000599520383693,0.0,1,0.9678849617938404,1,0.9678849617938404,1,0.9678849617938404
image_segmentation,global_topk,stability,300,0.829536091577148,0.0147037309434618,300.0,0.0,0.1798561151079136,0.0,242,0.8242041003961352,242,0.8242041003961352,242,0.8242041003961352
image_segmentation,global_topk,support,1346,0.3623121068035022,0.0095694479432161,1346.0,0.0,0.8069544364508394,8.37108160567368e-17,1346,0.3623121068035022,1346,0.3623121068035022,1346,0.3623121068035022
image_segmentation,global_topk,supporter_opposer_ratio,1,0.9678849617938404,0.0061206900101988,1.0,0.0,0.000599520383693,0.0,1,0.9678849617938404,1,0.9678849617938404,1,0.9678849617938404
image_segmentation,global_topk,tn,1346,0.4887571193191398,0.0135566186057753,1346.0,0.0,0.8069544364508394,8.37108160567368e-17,1346,0.4887571193191398,1346,0.4887571193191398,1346,0.4887571193191398
image_segmentation,global_topk,tp,300,0.8370218158307224,0.0140873630718073,300.0,0.0,0.1798561151079136,0.0,242,0.8299822758809352,242,0.8299822758809352,242,0.8299822758809352
image_segmentation,global_topk,wracc,1346,0.551275654585217,0.0174483319906362,1346.0,0.0,0.8069544364508394,8.37108160567368e-17,1346,0.551275654585217,1346,0.551275654585217,1346,0.551275654585217
image_segmentation,global_topk,youdens_j,1346,0.5517400830877758,0.0172786812178174,1346.0,0.0,0.8069544364508394,8.37108160567368e-17,1346,0.5517400830877758,1346,0.5517400830877758,1346,0.5517400830877758
image_segmentation,random_topk,random,1,0.1443985425809342,0.0035663866855143,1.0,0.0,0.000599520383693,0.0,1,0.1443985425809342,1,0.1443985425809342,1,0.1443985425809342
