dataset,seed,n_classes,train_size,test_size,train_class_counts,test_class_counts,numeric_feature_count,categorical_feature_count,encoded_feature_count,total_classifiers_mean,total_classifiers_min,total_classifiers_max,singleton_tp1_rate,fp_zero_rate
breast_cancer,1998,2,455,114,"[285, 170]","[72, 42]",30,0,30,455.0,455,455,0.9958935801041064,0.996568343936765
breast_cancer,1999,2,455,114,"[285, 170]","[72, 42]",30,0,30,455.0,455,455,0.9960092539039908,0.9972238288027762
breast_cancer,2000,2,455,114,"[285, 170]","[72, 42]",30,0,30,455.0,455,455,0.9963948332369384,0.997667245035666
breast_cancer,2001,2,455,114,"[285, 170]","[72, 42]",30,0,30,455.0,455,455,0.9971274339695392,0.9966069018700596
breast_cancer,2002,2,455,114,"[285, 170]","[72, 42]",30,0,30,455.0,455,455,0.9959321380374012,0.994081357239252
breast_cancer,2003,2,455,114,"[285, 170]","[72, 42]",30,0,30,455.0,455,455,0.996279159437054,0.9972045498361288
breast_cancer,2004,2,455,114,"[285, 170]","[72, 42]",30,0,30,455.0,455,455,0.9967418546365916,0.9961056487372276
breast_cancer,2005,2,455,114,"[285, 170]","[72, 42]",30,0,30,455.0,455,455,0.9959899749373432,0.9957971852708696
breast_cancer,2006,2,455,114,"[285, 170]","[72, 42]",30,0,30,455.0,455,455,0.9955851166377482,0.9957586273375748
breast_cancer,2007,2,455,114,"[285, 170]","[72, 42]",30,0,30,455.0,455,455,0.9962406015037594,0.9961634856371698
ionosphere,1998,2,280,71,"[101, 179]","[25, 46]",34,0,34,280.0,280,280,0.9856639839034204,0.998390342052314
ionosphere,1999,2,280,71,"[101, 179]","[25, 46]",34,0,34,280.0,280,280,0.9861167002012072,0.998138832997988
ionosphere,2000,2,280,71,"[101, 179]","[25, 46]",34,0,34,280.0,280,280,0.9838531187122737,0.9895875251509054
ionosphere,2001,2,280,71,"[101, 179]","[25, 46]",34,0,34,280.0,280,280,0.9862173038229376,0.9985915492957746
ionosphere,2002,2,280,71,"[101, 179]","[25, 46]",34,0,34,280.0,280,280,0.9859154929577464,0.9981891348088532
ionosphere,2003,2,280,71,"[101, 179]","[25, 46]",34,0,34,280.0,280,280,0.9803822937625756,0.9987927565392354
ionosphere,2004,2,280,71,"[101, 179]","[25, 46]",34,0,34,280.0,280,280,0.9848088531187122,0.9895372233400402
ionosphere,2005,2,280,71,"[101, 179]","[25, 46]",34,0,34,280.0,280,280,0.9843058350100604,0.9930583501006036
ionosphere,2006,2,280,71,"[101, 179]","[25, 46]",34,0,34,280.0,280,280,0.981841046277666,0.9987424547283702
ionosphere,2007,2,280,71,"[101, 179]","[25, 46]",34,0,34,280.0,280,280,0.9886317907444668,0.9900905432595574
parkinsons,1998,2,156,39,"[38, 118]","[10, 29]",22,0,22,156.0,156,156,0.9794543063773832,0.9857001972386588
parkinsons,1999,2,156,39,"[38, 118]","[10, 29]",22,0,22,156.0,156,156,0.9792899408284024,0.9850427350427352
parkinsons,2000,2,156,39,"[38, 118]","[10, 29]",22,0,22,156.0,156,156,0.9838921761998684,0.9921104536489151
parkinsons,2001,2,156,39,"[38, 118]","[10, 29]",22,0,22,156.0,156,156,0.9783037475345168,0.9870151216305062
parkinsons,2002,2,156,39,"[38, 118]","[10, 29]",22,0,22,156.0,156,156,0.9814266929651544,0.9815910585141354
parkinsons,2003,2,156,39,"[38, 118]","[10, 29]",22,0,22,156.0,156,156,0.9682774490466798,0.9875082182774492
parkinsons,2004,2,156,39,"[38, 118]","[10, 29]",22,0,22,156.0,156,156,0.9718934911242604,0.977646285338593
parkinsons,2005,2,156,39,"[38, 118]","[10, 29]",22,0,22,156.0,156,156,0.9761669953977646,0.9909598948060486
parkinsons,2006,2,156,39,"[38, 118]","[10, 29]",22,0,22,156.0,156,156,0.9786324786324786,0.989973701512163
parkinsons,2007,2,156,39,"[38, 118]","[10, 29]",22,0,22,156.0,156,156,0.9815910585141354,0.9868507560815252
rice,1998,2,3048,762,"[1744, 1304]","[436, 326]",7,0,7,3048.0,3048,3048,0.1502258698961842,0.3978797679817581
rice,1999,2,3048,762,"[1744, 1304]","[436, 326]",7,0,7,3048.0,3048,3048,0.1491766039087633,0.4037262935636982
rice,2000,2,3048,762,"[1744, 1304]","[436, 326]",7,0,7,3048.0,3048,3048,0.1508592183851034,0.3973958225694229
rice,2001,2,3048,762,"[1744, 1304]","[436, 326]",7,0,7,3048.0,3048,3048,0.1502491199426843,0.4083242055373
rice,2002,2,3048,762,"[1744, 1304]","[436, 326]",7,0,7,3048.0,3048,3048,0.1504768842871019,0.4016630672150233
rice,2003,2,3048,762,"[1744, 1304]","[436, 326]",7,0,7,3048.0,3048,3048,0.1503813007626015,0.4023442074661927
rice,2004,2,3048,762,"[1744, 1304]","[436, 326]",7,0,7,3048.0,3048,3048,0.1507787043351864,0.4007541626194363
rice,2005,2,3048,762,"[1744, 1304]","[436, 326]",7,0,7,3048.0,3048,3048,0.1506809680286027,0.4105536266628088
rice,2006,2,3048,762,"[1744, 1304]","[436, 326]",7,0,7,3048.0,3048,3048,0.1512691080937717,0.4073145507402126
rice,2007,2,3048,762,"[1744, 1304]","[436, 326]",7,0,7,3048.0,3048,3048,0.1510736354806043,0.4024320409751931
sonar,1998,2,166,42,"[89, 77]","[22, 20]",60,0,60,166.0,166,166,1.0,1.0
sonar,1999,2,166,42,"[89, 77]","[22, 20]",60,0,60,166.0,166,166,1.0,1.0
sonar,2000,2,166,42,"[89, 77]","[22, 20]",60,0,60,166.0,166,166,1.0,1.0
sonar,2001,2,166,42,"[89, 77]","[22, 20]",60,0,60,166.0,166,166,1.0,1.0
sonar,2002,2,166,42,"[89, 77]","[22, 20]",60,0,60,166.0,166,166,1.0,1.0
sonar,2003,2,166,42,"[89, 77]","[22, 20]",60,0,60,166.0,166,166,1.0,1.0
sonar,2004,2,166,42,"[89, 77]","[22, 20]",60,0,60,166.0,166,166,1.0,1.0
sonar,2005,2,166,42,"[89, 77]","[22, 20]",60,0,60,166.0,166,166,1.0,1.0
sonar,2006,2,166,42,"[89, 77]","[22, 20]",60,0,60,166.0,166,166,1.0,1.0
sonar,2007,2,166,42,"[89, 77]","[22, 20]",60,0,60,166.0,166,166,1.0,1.0
spambase,1998,2,3680,921,"[2230, 1450]","[558, 363]",57,0,57,3680.0,3680,3680,0.6544561086720483,0.7888206344710381
spambase,1999,2,3680,921,"[2230, 1450]","[558, 363]",57,0,57,3680.0,3680,3680,0.6636176415049804,0.7962590874758061
spambase,2000,2,3680,921,"[2230, 1450]","[558, 363]",57,0,57,3680.0,3680,3680,0.6493054572062503,0.776362531275079
spambase,2001,2,3680,921,"[2230, 1450]","[558, 363]",57,0,57,3680.0,3680,3680,0.658102900911108,0.7836679176698296
spambase,2002,2,3680,921,"[2230, 1450]","[558, 363]",57,0,57,3680.0,3680,3680,0.6510981683425389,0.7837328282113015
spambase,2003,2,3680,921,"[2230, 1450]","[558, 363]",57,0,57,3680.0,3680,3680,0.6537544847283199,0.7858276684133503
spambase,2004,2,3680,921,"[2230, 1450]","[558, 363]",57,0,57,3680.0,3680,3680,0.6522730491431808,0.7714632606335269
spambase,2005,2,3680,921,"[2230, 1450]","[558, 363]",57,0,57,3680.0,3680,3680,0.6494880918661191,0.781121654156635
spambase,2006,2,3680,921,"[2230, 1450]","[558, 363]",57,0,57,3680.0,3680,3680,0.6516870839824388,0.7791017561251947
spambase,2007,2,3680,921,"[2230, 1450]","[558, 363]",57,0,57,3680.0,3680,3680,0.6536588892036067,0.7862088703205401
waveform,1998,2,2643,661,"[1325, 1318]","[332, 329]",20,0,20,2643.0,2643,2643,0.9992587390091602,0.9994888447375908
waveform,1999,2,2643,661,"[1325, 1318]","[332, 329]",20,0,20,2643.0,2643,2643,0.9993114000216368,0.9996977715805688
waveform,2000,2,2643,661,"[1325, 1318]","[332, 329]",20,0,20,2643.0,2643,2643,0.99934402695328,0.999572415474782
waveform,2001,2,2643,661,"[1325, 1318]","[332, 329]",20,0,20,2643.0,2643,2643,0.9992799178946128,0.9997017783967356
waveform,2002,2,2643,661,"[1325, 1318]","[332, 329]",20,0,20,2643.0,2643,2643,0.9992575942045412,0.9995787119001868
waveform,2003,2,2643,661,"[1325, 1318]","[332, 329]",20,0,20,2643.0,2643,2643,0.9991854715135404,0.9995895875440678
waveform,2004,2,2643,661,"[1325, 1318]","[332, 329]",20,0,20,2643.0,2643,2643,0.9991826095019928,0.9996639998443064
waveform,2005,2,2643,661,"[1325, 1318]","[332, 329]",20,0,20,2643.0,2643,2643,0.9992352705144696,0.9996994887874974
waveform,2006,2,2643,661,"[1325, 1318]","[332, 329]",20,0,20,2643.0,2643,2643,0.999346316562518,0.9997029232013546
waveform,2007,2,2643,661,"[1325, 1318]","[332, 329]",20,0,20,2643.0,2643,2643,0.9993211308608988,0.9995100236230432
vehicle,1998,4,676,170,"[174, 170, 173, 159]","[44, 42, 44, 40]",18,0,18,676.0,676,676,0.9327880264531848,0.9018012530455968
vehicle,1999,4,676,170,"[174, 170, 173, 159]","[44, 42, 44, 40]",18,0,18,676.0,676,676,0.930560389836408,0.8950922380786634
vehicle,2000,4,676,170,"[174, 170, 173, 159]","[44, 42, 44, 40]",18,0,18,676.0,676,676,0.9241646362687088,0.8863470240167073
vehicle,2001,4,676,170,"[174, 170, 173, 159]","[44, 42, 44, 40]",18,0,18,676.0,676,676,0.9252262443438914,0.8894796380090497
vehicle,2002,4,676,170,"[174, 170, 173, 159]","[44, 42, 44, 40]",18,0,18,676.0,676,676,0.9225200139227288,0.8872607030978071
vehicle,2003,4,676,170,"[174, 170, 173, 159]","[44, 42, 44, 40]",18,0,18,676.0,676,676,0.932457361642882,0.8968934911242603
vehicle,2004,4,676,170,"[174, 170, 173, 159]","[44, 42, 44, 40]",18,0,18,676.0,676,676,0.9262704490080056,0.8952053602506092
vehicle,2005,4,676,170,"[174, 170, 173, 159]","[44, 42, 44, 40]",18,0,18,676.0,676,676,0.9224242951618518,0.886399234249913
vehicle,2006,4,676,170,"[174, 170, 173, 159]","[44, 42, 44, 40]",18,0,18,676.0,676,676,0.92463452836756,0.8926209537069265
vehicle,2007,4,676,170,"[174, 170, 173, 159]","[44, 42, 44, 40]",18,0,18,676.0,676,676,0.9265489035851028,0.8912721893491125
page_blocks,1998,5,4378,1095,"[3930, 263, 23, 70, 92]","[983, 66, 5, 18, 23]",10,0,10,4378.0,4378,4378,0.2761935455609304,0.8836534269521121
page_blocks,1999,5,4378,1095,"[3930, 263, 23, 70, 92]","[983, 66, 5, 18, 23]",10,0,10,4378.0,4378,4378,0.2774088374625306,0.877236535521109
page_blocks,2000,5,4378,1095,"[3930, 263, 23, 70, 92]","[983, 66, 5, 18, 23]",10,0,10,4378.0,4378,4378,0.2781564526659866,0.8766941807418162
page_blocks,2001,5,4378,1095,"[3930, 263, 23, 70, 92]","[983, 66, 5, 18, 23]",10,0,10,4378.0,4378,4378,0.2782509475563788,0.8768871338844493
page_blocks,2002,5,4378,1095,"[3930, 263, 23, 70, 92]","[983, 66, 5, 18, 23]",10,0,10,4378.0,4378,4378,0.276506233950992,0.8759511546941849
page_blocks,2003,5,4378,1095,"[3930, 263, 23, 70, 92]","[983, 66, 5, 18, 23]",10,0,10,4378.0,4378,4378,0.2795246468957489,0.8756021702535092
page_blocks,2004,5,4378,1095,"[3930, 263, 23, 70, 92]","[983, 66, 5, 18, 23]",10,0,10,4378.0,4378,4378,0.2776668731786788,0.8802443099682723
page_blocks,2005,5,4378,1095,"[3930, 263, 23, 70, 92]","[983, 66, 5, 18, 23]",10,0,10,4378.0,4378,4378,0.2761082289821878,0.8772630274660976
page_blocks,2006,5,4378,1095,"[3930, 263, 23, 70, 92]","[983, 66, 5, 18, 23]",10,0,10,4378.0,4378,4378,0.2796483455050261,0.8763764859999458
page_blocks,2007,5,4378,1095,"[3930, 263, 23, 70, 92]","[983, 66, 5, 18, 23]",10,0,10,4378.0,4378,4378,0.2761641332440533,0.8848489020444689
glass,1998,6,171,43,"[56, 61, 14, 10, 7, 23]","[14, 15, 3, 3, 2, 6]",9,0,9,171.0,171,171,0.9014007887936896,0.8644090847273221
glass,1999,6,171,43,"[56, 61, 14, 10, 7, 23]","[14, 15, 3, 3, 2, 6]",9,0,9,171.0,171,171,0.9024887800897592,0.8569291445668434
glass,2000,6,171,43,"[56, 61, 14, 10, 7, 23]","[14, 15, 3, 3, 2, 6]",9,0,9,171.0,171,171,0.8958248334013328,0.8540731674146607
glass,2001,6,171,43,"[56, 61, 14, 10, 7, 23]","[14, 15, 3, 3, 2, 6]",9,0,9,171.0,171,171,0.9067047463620292,0.8735210118319053
glass,2002,6,171,43,"[56, 61, 14, 10, 7, 23]","[14, 15, 3, 3, 2, 6]",9,0,9,171.0,171,171,0.903984768121855,0.8601931184550523
glass,2003,6,171,43,"[56, 61, 14, 10, 7, 23]","[14, 15, 3, 3, 2, 6]",9,0,9,171.0,171,171,0.8850809193526452,0.8557051543587652
glass,2004,6,171,43,"[56, 61, 14, 10, 7, 23]","[14, 15, 3, 3, 2, 6]",9,0,9,171.0,171,171,0.906296749626003,0.8533931728546171
glass,2005,6,171,43,"[56, 61, 14, 10, 7, 23]","[14, 15, 3, 3, 2, 6]",9,0,9,171.0,171,171,0.8784169726642187,0.8218414252685978
glass,2006,6,171,43,"[56, 61, 14, 10, 7, 23]","[14, 15, 3, 3, 2, 6]",9,0,9,171.0,171,171,0.8924248606011151,0.8531211750305998
glass,2007,6,171,43,"[56, 61, 14, 10, 7, 23]","[14, 15, 3, 3, 2, 6]",9,0,9,171.0,171,171,0.8931048551611587,0.8592411260709915
image_segmentation,1998,7,1668,418,"[237, 240, 239, 240, 238, 234, 240]","[60, 60, 60, 60, 60, 58, 60]",18,0,18,1668.0,1668,1668,0.9297557169575345,0.9002773857469049
image_segmentation,1999,7,1668,418,"[237, 240, 239, 240, 238, 234, 240]","[60, 60, 60, 60, 60, 58, 60]",18,0,18,1668.0,1668,1668,0.929607988250548,0.8995516505455923
image_segmentation,2000,7,1668,418,"[237, 240, 239, 240, 238, 234, 240]","[60, 60, 60, 60, 60, 58, 60]",18,0,18,1668.0,1668,1668,0.9314639197732724,0.898524720893142
image_segmentation,2001,7,1668,418,"[237, 240, 239, 240, 238, 234, 240]","[60, 60, 60, 60, 60, 58, 60]",18,0,18,1668.0,1668,1668,0.9315456725528668,0.8966401041845949
image_segmentation,2002,7,1668,418,"[237, 240, 239, 240, 238, 234, 240]","[60, 60, 60, 60, 60, 58, 60]",18,0,18,1668.0,1668,1668,0.9307381845719596,0.9031817608114464
image_segmentation,2003,7,1668,418,"[237, 240, 239, 240, 238, 234, 240]","[60, 60, 60, 60, 60, 58, 60]",18,0,18,1668.0,1668,1668,0.9300095808520648,0.9031172191433456
image_segmentation,2004,7,1668,418,"[237, 240, 239, 240, 238, 234, 240]","[60, 60, 60, 60, 60, 58, 60]",18,0,18,1668.0,1668,1668,0.9299005771459388,0.9003060709327275
image_segmentation,2005,7,1668,418,"[237, 240, 239, 240, 238, 234, 240]","[60, 60, 60, 60, 60, 58, 60]",18,0,18,1668.0,1668,1668,0.9309131642054778,0.9052542654871318
image_segmentation,2006,7,1668,418,"[237, 240, 239, 240, 238, 234, 240]","[60, 60, 60, 60, 60, 58, 60]",18,0,18,1668.0,1668,1668,0.9297284660310028,0.9017345931866948
image_segmentation,2007,7,1668,418,"[237, 240, 239, 240, 238, 234, 240]","[60, 60, 60, 60, 60, 58, 60]",18,0,18,1668.0,1668,1668,0.9284361984096932,0.8937844939359517
