dataset,method,metric,k,macro_f1_mean,macro_f1_std,macro_f1_ci95,primary_f1_mean,primary_f1_std,primary_f1_ci95,elapsed_seconds_mean,runs,repeat_rows,source
breast_cancer,decision_tree,imported_baseline,,0.9085720284277338,0.0292481201717945,0.0209213911421923,0.9085720284277338,0.0292481201717945,0.0209213911421923,0.1076,10,10,imported_baseline
breast_cancer,fcalc_deterministic,imported_baseline,,0.908873620135632,0.0313184444249986,0.0224023090007772,0.908873620135632,0.0313184444249986,0.0224023090007772,29.8506,10,10,imported_baseline
breast_cancer,fcalc_randomized,imported_baseline,,0.936823193350919,0.0403588863996171,0.028869002297247,0.936823193350919,0.0403588863996171,0.028869002297247,32.0286,10,10,imported_baseline
breast_cancer,ips_knn,imported_baseline,,0.9532253375557088,0.0291111316711997,0.0208234022804776,0.9532253375557088,0.0291111316711997,0.0208234022804776,30.5774,10,10,imported_baseline
breast_cancer,knn,imported_baseline,,0.9514031024119586,0.027241007335987,0.0194856888660187,0.9514031024119586,0.027241007335987,0.0194856888660187,0.5298,10,10,imported_baseline
breast_cancer,logistic_regression,imported_baseline,,0.96606488244617,0.0284611466012174,0.0203584632756523,0.96606488244617,0.0284611466012174,0.0203584632756523,27.416999999999994,10,10,imported_baseline
breast_cancer,naive_bayes,imported_baseline,,0.9200589307632022,0.0303760622094977,0.0217282162105351,0.9200589307632022,0.0303760622094977,0.0217282162105351,0.0201999999999999,10,10,imported_baseline
breast_cancer,random_forest,imported_baseline,,0.9504529065488848,0.0285026868794826,0.020388177336065,0.9504529065488848,0.0285026868794826,0.020388177336065,7.566200000000002,10,10,imported_baseline
breast_cancer,svm,imported_baseline,,0.9588659412572352,0.0266991210514603,0.0190980737014685,0.9588659412572352,0.0266991210514603,0.0190980737014685,0.0873,10,10,imported_baseline
breast_cancer,xgboost,imported_baseline,,0.9653277162247396,0.0268884156085952,0.0192334774623819,0.9653277162247396,0.0268884156085952,0.0192334774623819,0.3017999999999999,10,10,imported_baseline
ionosphere,decision_tree,imported_baseline,,0.8645135375537562,0.0536048933219177,0.0383439665091652,0.8645135375537562,0.0536048933219177,0.0383439665091652,0.1154999999999999,10,10,imported_baseline
ionosphere,fcalc_deterministic,imported_baseline,,0.6073798445598196,0.1127513893102697,0.0806518813424656,0.6073798445598196,0.1127513893102697,0.0806518813424656,9.1624,10,10,imported_baseline
ionosphere,fcalc_randomized,imported_baseline,,0.7534949418953351,0.0811923138719817,0.0580774472437198,0.7534949418953351,0.0811923138719817,0.0580774472437198,16.7306,10,10,imported_baseline
ionosphere,ips_knn,imported_baseline,,0.8227865793452092,0.0578510487732555,0.0413812721044034,0.8227865793452092,0.0578510487732555,0.0413812721044034,21.1713,10,10,imported_baseline
ionosphere,knn,imported_baseline,,0.8747154955378036,0.0478514852256663,0.0342285122346574,0.8747154955378036,0.0478514852256663,0.0342285122346574,0.499,10,10,imported_baseline
ionosphere,logistic_regression,imported_baseline,,0.8506409037784912,0.0366908775168681,0.0262452491090666,0.8506409037784912,0.0366908775168681,0.0262452491090666,5.128,10,10,imported_baseline
ionosphere,naive_bayes,imported_baseline,,0.8805288306051173,0.030959564637372,0.0221455997023381,0.8805288306051173,0.030959564637372,0.0221455997023381,0.0182999999999999,10,10,imported_baseline
ionosphere,random_forest,imported_baseline,,0.928704749799981,0.0350376422633415,0.0250626780177988,0.928704749799981,0.0350376422633415,0.0250626780177988,6.265000000000001,10,10,imported_baseline
ionosphere,svm,imported_baseline,,0.9426978869549354,0.0346428911757236,0.0247803097199612,0.9426978869549354,0.0346428911757236,0.0247803097199612,0.0822999999999999,10,10,imported_baseline
ionosphere,xgboost,imported_baseline,,0.9260321111024232,0.0421107247362373,0.0301221048844575,0.9260321111024232,0.0421107247362373,0.0301221048844575,0.2341,10,10,imported_baseline
parkinsons,decision_tree,imported_baseline,,0.7705178168058664,0.091986817836002,0.0657988337222599,0.7705178168058664,0.091986817836002,0.0657988337222599,0.0742,10,10,imported_baseline
parkinsons,fcalc_deterministic,imported_baseline,,0.7300749317623781,0.0674320651205576,0.0482346421454274,0.7300749317623781,0.0674320651205576,0.0482346421454274,2.1711,10,10,imported_baseline
parkinsons,fcalc_randomized,imported_baseline,,0.7124619924354392,0.1019171498216126,0.0729020717567895,0.7124619924354392,0.1019171498216126,0.0729020717567895,7.766599999999999,10,10,imported_baseline
parkinsons,ips_knn,imported_baseline,,0.9169909483042954,0.0429613904812892,0.0307305922224116,0.9169909483042954,0.0429613904812892,0.0307305922224116,7.8649,10,10,imported_baseline
parkinsons,knn,imported_baseline,,0.9306178607732886,0.0295267003708109,0.021120661566201,0.9306178607732886,0.0295267003708109,0.021120661566201,0.4017,10,10,imported_baseline
parkinsons,logistic_regression,imported_baseline,,0.7640444076939628,0.0822373939306336,0.0588250005412833,0.7640444076939628,0.0822373939306336,0.0588250005412833,1.5984,10,10,imported_baseline
parkinsons,naive_bayes,imported_baseline,,0.7497598400666698,0.0656211160276474,0.0469392572082474,0.7497598400666698,0.0656211160276474,0.0469392572082474,0.0828,10,10,imported_baseline
parkinsons,random_forest,imported_baseline,,0.8339022871698585,0.1002425694971385,0.0717042323824448,0.8339022871698585,0.1002425694971385,0.0717042323824448,4.214499999999999,10,10,imported_baseline
parkinsons,svm,imported_baseline,,0.8776145534518077,0.0673844800294915,0.0482006041868549,0.8776145534518077,0.0673844800294915,0.0482006041868549,0.0670999999999999,10,10,imported_baseline
parkinsons,xgboost,imported_baseline,,0.8665042358898996,0.0622544494432225,0.0445310563377509,0.8665042358898996,0.0622544494432225,0.0445310563377509,0.1674,10,10,imported_baseline
rice,decision_tree,imported_baseline,,0.9255251899312488,0.0093344385197346,0.0066769911439451,0.9255251899312488,0.0093344385197346,0.0066769911439451,0.139,10,10,imported_baseline
rice,fcalc_deterministic,imported_baseline,,0.928740159591972,0.0091256266195826,0.0065276264869154,0.928740159591972,0.0091256266195826,0.0065276264869154,3193.2062,10,10,imported_baseline
rice,fcalc_randomized,imported_baseline,,0.9281880080916328,0.0099160060191584,0.0070929905674829,0.9281880080916328,0.0099160060191584,0.0070929905674829,495.6133,10,10,imported_baseline
rice,ips_knn,imported_baseline,,0.9300677653631,0.0070801542151515,0.0050644853348583,0.9300677653631,0.0070801542151515,0.0050644853348583,66.5035,10,10,imported_baseline
rice,knn,imported_baseline,,0.9301320303819732,0.0071893139954124,0.005142568112364,0.9301320303819732,0.0071893139954124,0.005142568112364,1.4214999999999998,10,10,imported_baseline
rice,logistic_regression,imported_baseline,,0.932828169330276,0.0098475161671085,0.0070439992827237,0.932828169330276,0.0098475161671085,0.0070439992827237,0.2782,10,10,imported_baseline
rice,naive_bayes,imported_baseline,,0.91532716925053,0.0095929793010132,0.0068619272280273,0.91532716925053,0.0095929793010132,0.0068619272280273,0.0305,10,10,imported_baseline
rice,random_forest,imported_baseline,,0.929641441093488,0.0078354784995329,0.0056047742388945,0.929641441093488,0.0078354784995329,0.0056047742388945,18.6775,10,10,imported_baseline
rice,svm,imported_baseline,,0.9336409102355036,0.0109863043095712,0.0078585826479661,0.9336409102355036,0.0109863043095712,0.0078585826479661,0.2925,10,10,imported_baseline
rice,xgboost,imported_baseline,,0.927375508300586,0.008474207286425,0.0060616615433044,0.927375508300586,0.008474207286425,0.0060616615433044,0.8499000000000001,10,10,imported_baseline
sonar,decision_tree,imported_baseline,,0.7260089588286568,0.070608707230546,0.0505069171399043,0.7260089588286568,0.070608707230546,0.0505069171399043,0.1066999999999999,10,10,imported_baseline
sonar,fcalc_deterministic,imported_baseline,,0.6718023750822337,0.065104194361492,0.0465694994151315,0.6718023750822337,0.065104194361492,0.0465694994151315,3.0384,10,10,imported_baseline
sonar,fcalc_randomized,imported_baseline,,0.6778097193063435,0.1193060479279773,0.0853404758893674,0.6778097193063435,0.1193060479279773,0.0853404758893674,10.035600000000002,10,10,imported_baseline
sonar,ips_knn,imported_baseline,,0.8445979380680656,0.0498568821229041,0.0356629870876058,0.8445979380680656,0.0498568821229041,0.0356629870876058,21.313,10,10,imported_baseline
sonar,knn,imported_baseline,,0.8421911781613056,0.0443593349001001,0.0317305519397951,0.8421911781613056,0.0443593349001001,0.0317305519397951,0.4655999999999999,10,10,imported_baseline
sonar,logistic_regression,imported_baseline,,0.7504666598974379,0.0639509594110683,0.0457445821440405,0.7504666598974379,0.0639509594110683,0.0457445821440405,0.1491999999999999,10,10,imported_baseline
sonar,naive_bayes,imported_baseline,,0.6423288155514412,0.0575585472823187,0.0411720436799571,0.6423288155514412,0.0575585472823187,0.0411720436799571,0.0174,10,10,imported_baseline
sonar,random_forest,imported_baseline,,0.7840887242813631,0.0716690335516234,0.0512653761988567,0.7840887242813631,0.0716690335516234,0.0512653761988567,6.2611,10,10,imported_baseline
sonar,svm,imported_baseline,,0.8586979196496893,0.0480985237095268,0.0344052206425025,0.8586979196496893,0.0480985237095268,0.0344052206425025,0.1031,10,10,imported_baseline
sonar,xgboost,imported_baseline,,0.816891608651385,0.0614279752944885,0.0439398734229854,0.816891608651385,0.0614279752944885,0.0439398734229854,0.2682,10,10,imported_baseline
spambase,decision_tree,imported_baseline,,0.9231879221640474,0.0077845446690193,0.0055683409028617,0.9231879221640474,0.0077845446690193,0.0055683409028617,0.3238999999999999,10,10,imported_baseline
spambase,fcalc_deterministic,imported_baseline,,0.8296381991262564,0.0110727115395476,0.0079203903622818,0.8296381991262564,0.0110727115395476,0.0079203903622818,38540.59790000001,10,10,imported_baseline
spambase,fcalc_randomized,imported_baseline,,0.7525517660168911,0.1311795017047288,0.0938336429446543,0.7525517660168911,0.1311795017047288,0.0938336429446543,1911.1537,10,10,imported_baseline
spambase,ips_knn,imported_baseline,,0.9165206410347316,0.010260652847417,0.0073395189275129,0.9165206410347316,0.010260652847417,0.0073395189275129,490.9198,10,10,imported_baseline
spambase,knn,imported_baseline,,0.9180137585244724,0.0108766473169663,0.0077801442108875,0.9180137585244724,0.0108766473169663,0.0077801442108875,2.4724,10,10,imported_baseline
spambase,logistic_regression,imported_baseline,,0.9228028125288794,0.0083478317708561,0.0059712642262638,0.9228028125288794,0.0083478317708561,0.0059712642262638,2.7448,10,10,imported_baseline
spambase,naive_bayes,imported_baseline,,0.8191003370492356,0.0099298837264197,0.0071029173914998,0.8191003370492356,0.0099298837264197,0.0071029173914998,0.1378,10,10,imported_baseline
spambase,random_forest,imported_baseline,,0.9520625468104268,0.0058122599134829,0.0041575514035027,0.9520625468104268,0.0058122599134829,0.0041575514035027,46.8164,10,10,imported_baseline
spambase,svm,imported_baseline,,0.9295859546120364,0.0076471347617317,0.0054700506059028,0.9295859546120364,0.0076471347617317,0.0054700506059028,2.0976000000000004,10,10,imported_baseline
spambase,xgboost,imported_baseline,,0.9537224548135088,0.0055789684910286,0.0039906763677528,0.9537224548135088,0.0055789684910286,0.0039906763677528,2.9468,10,10,imported_baseline
waveform,decision_tree,imported_baseline,,0.7593594045816239,0.0138821081860043,0.0099299720300556,0.7593594045816239,0.0138821081860043,0.0099299720300556,0.259,10,10,imported_baseline
waveform,fcalc_deterministic,imported_baseline,,0.7452883935700003,0.0151210902569857,0.0108162248344379,0.7452883935700003,0.0151210902569857,0.0108162248344379,26458.8788,10,10,imported_baseline
waveform,fcalc_randomized,imported_baseline,,0.7965391713768595,0.0423351398347384,0.0302826306217144,0.7965391713768595,0.0423351398347384,0.0302826306217144,1759.5961,10,10,imported_baseline
waveform,ips_knn,imported_baseline,,0.8408825164153428,0.0120161131909854,0.0085952123623963,0.8408825164153428,0.0120161131909854,0.0085952123623963,215.92890000000003,10,10,imported_baseline
waveform,knn,imported_baseline,,0.8516560893211247,0.0116645011035865,0.0083437017023065,0.8516560893211247,0.0116645011035865,0.0083437017023065,2.1201,10,10,imported_baseline
waveform,logistic_regression,imported_baseline,,0.8686019339843734,0.0111506415475032,0.0079761342585929,0.8686019339843734,0.0111506415475032,0.0079761342585929,0.2738,10,10,imported_baseline
waveform,naive_bayes,imported_baseline,,0.7987834501786653,0.0138082685530331,0.009877154008449,0.7987834501786653,0.0138082685530331,0.009877154008449,0.0297,10,10,imported_baseline
waveform,random_forest,imported_baseline,,0.8503016109167648,0.0094483347887863,0.0067584619660174,0.8503016109167648,0.0094483347887863,0.0067584619660174,68.72040000000001,10,10,imported_baseline
waveform,svm,imported_baseline,,0.8663862610659147,0.0103938244712655,0.0074347775497837,0.8663862610659147,0.0103938244712655,0.0074347775497837,0.9277,10,10,imported_baseline
waveform,xgboost,imported_baseline,,0.8535573965835402,0.0092803614598451,0.0066383094332874,0.8535573965835402,0.0092803614598451,0.0066383094332874,5.9896,10,10,imported_baseline
vehicle,decision_tree,imported_baseline,,0.7096738043782149,0.021582122739545,0.0154378479321298,0.7096738043782149,0.021582122739545,0.0154378479321298,0.1861999999999999,10,10,imported_baseline
vehicle,fcalc_deterministic,imported_baseline,,0.5197980573372212,0.0280452444033252,0.0200609654362052,0.5197980573372212,0.0280452444033252,0.0200609654362052,207.4281,10,10,imported_baseline
vehicle,fcalc_randomized,imported_baseline,,0.4848303357687258,0.0656669655472993,0.0469720537000795,0.4848303357687258,0.0656669655472993,0.0469720537000795,156.7563,10,10,imported_baseline
vehicle,ips_knn,imported_baseline,,0.7257597532704539,0.031345000326816,0.0224213046287284,0.7257597532704539,0.031345000326816,0.0224213046287284,48.581,10,10,imported_baseline
vehicle,knn,imported_baseline,,0.7282452174128269,0.0322436073309908,0.0230640846948327,0.7282452174128269,0.0322436073309908,0.0230640846948327,1.1651,10,10,imported_baseline
vehicle,logistic_regression,imported_baseline,,0.8062819626285869,0.0364684596347493,0.0260861519950814,0.8062819626285869,0.0364684596347493,0.0260861519950814,11.7535,10,10,imported_baseline
vehicle,naive_bayes,imported_baseline,,0.438923411278444,0.0550141782618217,0.0393520381830148,0.438923411278444,0.0550141782618217,0.0393520381830148,0.2147,10,10,imported_baseline
vehicle,random_forest,imported_baseline,,0.7588274819151719,0.0235388629167866,0.0168375182826091,0.7588274819151719,0.0235388629167866,0.0168375182826091,12.2056,10,10,imported_baseline
vehicle,svm,imported_baseline,,0.8353610412680925,0.0205303810493096,0.0146855295214859,0.8353610412680925,0.0205303810493096,0.0146855295214859,0.1999,10,10,imported_baseline
vehicle,xgboost,imported_baseline,,0.7824626608423606,0.0168851145269829,0.0120780441076137,0.7824626608423606,0.0168851145269829,0.0120780441076137,2.2088,10,10,imported_baseline
page_blocks,decision_tree,imported_baseline,,0.8157009325466926,0.0370642425894512,0.0265123198362266,0.8157009325466926,0.0370642425894512,0.0265123198362266,0.1934,10,10,imported_baseline
page_blocks,fcalc_deterministic,imported_baseline,,0.6114970730182407,0.0738696657842378,0.0528395042942082,0.6114970730182407,0.0738696657842378,0.0528395042942082,29213.4843,10,10,imported_baseline
page_blocks,fcalc_randomized,imported_baseline,,0.6276032596622452,0.0637530674141932,0.0456030285725215,0.6276032596622452,0.0637530674141932,0.0456030285725215,2515.0444,10,10,imported_baseline
page_blocks,ips_knn,imported_baseline,,0.8336370816134048,0.0255927999070858,0.0183067142139396,0.8336370816134048,0.0255927999070858,0.0183067142139396,130.3799,10,10,imported_baseline
page_blocks,knn,imported_baseline,,0.8399031059257261,0.0333282430598075,0.0238399324483323,0.8399031059257261,0.0333282430598075,0.0238399324483323,2.6488,10,10,imported_baseline
page_blocks,logistic_regression,imported_baseline,,0.8104879858406898,0.038558504671671,0.027581176272382,0.8104879858406898,0.038558504671671,0.027581176272382,9.3626,10,10,imported_baseline
page_blocks,naive_bayes,imported_baseline,,0.5609169149809979,0.0584969337538873,0.0418432782857681,0.5609169149809979,0.0584969337538873,0.0418432782857681,0.0281,10,10,imported_baseline
page_blocks,random_forest,imported_baseline,,0.8686017696251668,0.0194081513556058,0.0138827905339731,0.8686017696251668,0.0194081513556058,0.0138827905339731,34.701100000000004,10,10,imported_baseline
page_blocks,svm,imported_baseline,,0.772978731071227,0.0416861563967013,0.029818408091438,0.772978731071227,0.0416861563967013,0.029818408091438,0.3351,10,10,imported_baseline
page_blocks,xgboost,imported_baseline,,0.8704322042712962,0.0243014421921169,0.0173829967339559,0.8704322042712962,0.0243014421921169,0.0173829967339559,4.035,10,10,imported_baseline
glass,decision_tree,imported_baseline,,0.6204049775638987,0.0846739339199291,0.0605678751551125,0.6204049775638987,0.0846739339199291,0.0605678751551125,0.0800999999999999,10,10,imported_baseline
glass,fcalc_deterministic,imported_baseline,,0.4414538306857033,0.0849729614841524,0.0607817717268123,0.4414538306857033,0.0849729614841524,0.0607817717268123,2.4326,10,10,imported_baseline
glass,fcalc_randomized,imported_baseline,,0.4215461497469284,0.0990515725481086,0.0708523036816101,0.4215461497469284,0.0990515725481086,0.0708523036816101,11.767,10,10,imported_baseline
glass,ips_knn,imported_baseline,,0.6502486615291693,0.0825795508365357,0.0590697478419076,0.6502486615291693,0.0825795508365357,0.0590697478419076,4.1543,10,10,imported_baseline
glass,knn,imported_baseline,,0.6708398007101495,0.1131716787684651,0.0809525174208255,0.6708398007101495,0.1131716787684651,0.0809525174208255,0.4049999999999999,10,10,imported_baseline
glass,logistic_regression,imported_baseline,,0.5874967094437258,0.0602459058538863,0.0430943306332672,0.5874967094437258,0.0602459058538863,0.0430943306332672,2.6473000000000004,10,10,imported_baseline
glass,naive_bayes,imported_baseline,,0.4243765733476021,0.0820544799704977,0.0586941608673866,0.4243765733476021,0.0820544799704977,0.0586941608673866,0.0143,10,10,imported_baseline
glass,random_forest,imported_baseline,,0.7743256537043616,0.0761764013993996,0.0544895289037545,0.7743256537043616,0.0761764013993996,0.0544895289037545,3.8199,10,10,imported_baseline
glass,svm,imported_baseline,,0.6114160256649732,0.105537285590082,0.075491580961317,0.6114160256649732,0.105537285590082,0.075491580961317,0.0559999999999999,10,10,imported_baseline
glass,xgboost,imported_baseline,,0.7260515031882183,0.0807502134874346,0.057761209652555,0.7260515031882183,0.0807502134874346,0.057761209652555,0.3548,10,10,imported_baseline
image_segmentation,decision_tree,imported_baseline,,0.9485973570193078,0.0116210236843643,0.0083126019910068,0.9485973570193078,0.0116210236843643,0.0083126019910068,0.3089,10,10,imported_baseline
image_segmentation,fcalc_deterministic,imported_baseline,,0.8437376475067955,0.0190376137163261,0.0136177422902316,0.8437376475067955,0.0190376137163261,0.0136177422902316,2163.2417,10,10,imported_baseline
image_segmentation,fcalc_randomized,imported_baseline,,0.8447823276406309,0.0156726193938564,0.0112107376007632,0.8447823276406309,0.0156726193938564,0.0112107376007632,1113.3234,10,10,imported_baseline
image_segmentation,ips_knn,imported_baseline,,0.9493843056953112,0.0143121211497634,0.0102375634020199,0.9493843056953112,0.0143121211497634,0.0102375634020199,121.13579999999996,10,10,imported_baseline
image_segmentation,knn,imported_baseline,,0.9493843056953112,0.0143121211497634,0.0102375634020199,0.9493843056953112,0.0143121211497634,0.0102375634020199,1.9114,10,10,imported_baseline
image_segmentation,logistic_regression,imported_baseline,,0.9534703937622984,0.0043963653458373,0.0031447518152958,0.9534703937622984,0.0043963653458373,0.0031447518152958,51.9091,10,10,imported_baseline
image_segmentation,naive_bayes,imported_baseline,,0.7827320522195497,0.0136982778612468,0.009798476873941,0.7827320522195497,0.0136982778612468,0.009798476873941,0.0666,10,10,imported_baseline
image_segmentation,random_forest,imported_baseline,,0.9709429429220864,0.0064318011000954,0.0046007136791527,0.9709429429220864,0.0064318011000954,0.0046007136791527,23.3116,10,10,imported_baseline
image_segmentation,svm,imported_baseline,,0.9543299281593154,0.0084612880904611,0.0060524203493263,0.9543299281593154,0.0084612880904611,0.0060524203493263,0.305,10,10,imported_baseline
image_segmentation,xgboost,imported_baseline,,0.9768980193117272,0.0089030643140118,0.0063684260657941,0.9768980193117272,0.0089030643140118,0.0063684260657941,7.1197,10,10,imported_baseline
